Date,Open_t-2,High_t-2,Low_t-2,Close_t-2,Volume_t-2,Open_t-1,High_t-1,Low_t-1,Close_t-1,Volume_t-1,Close_t
2020-01-06,4400.0,4410.0,4360.0,4410.0,41710000.0,4420.0,4440.0,4390.0,4420.0,82900000.0,4370
2020-01-07,4420.0,4440.0,4390.0,4420.0,82900000.0,4360.0,4390.0,4320.0,4370.0,44230000.0,4400
2020-01-08,4360.0,4390.0,4320.0,4370.0,44230000.0,4410.0,4410.0,4380.0,4400.0,103950000.0,4380
2020-01-09,4410.0,4410.0,4380.0,4400.0,103950000.0,4380.0,4400.0,4340.0,4380.0,171750000.0,4400
2020-01-10,4380.0,4400.0,4340.0,4380.0,171750000.0,4400.0,4420.0,4370.0,4400.0,72070000.0,4410
2020-01-13,4400.0,4420.0,4370.0,4400.0,72070000.0,4430.0,4430.0,4390.0,4410.0,124810000.0,4510
2020-01-14,4430.0,4430.0,4390.0,4410.0,124810000.0,4430.0,4510.0,4420.0,4510.0,111350000.0,4570
2020-01-15,4430.0,4510.0,4420.0,4510.0,111350000.0,4540.0,4600.0,4520.0,4570.0,158410000.0,4580
2020-01-16,4540.0,4600.0,4520.0,4570.0,158410000.0,4570.0,4580.0,4530.0,4580.0,102570000.0,4570
2020-01-17,4570.0,4580.0,4530.0,4580.0,102570000.0,4570.0,4590.0,4510.0,4570.0,133990000.00000001,4630
2020-01-20,4570.0,4590.0,4510.0,4570.0,133990000.00000001,4620.0,4640.0,4600.0,4630.0,121180000.0,4660
2020-01-21,4620.0,4640.0,4600.0,4630.0,121180000.0,4690.0,4690.0,4630.0,4660.0,81840000.0,4670
2020-01-22,4690.0,4690.0,4630.0,4660.0,81840000.0,4670.0,4680.0,4640.0,4670.0,73840000.0,4710
2020-01-23,4670.0,4680.0,4640.0,4670.0,73840000.0,4680.0,4710.0,4670.0,4710.0,82370000.0,4740
2020-01-24,4680.0,4710.0,4670.0,4710.0,82370000.0,4720.0,4760.0,4690.0,4740.0,139860000.0,4740
2020-01-27,4720.0,4760.0,4690.0,4740.0,139860000.0,4730.0,4750.0,4680.0,4740.0,96020000.0,4650
2020-01-28,4730.0,4750.0,4680.0,4740.0,96020000.0,4700.0,4700.0,4640.0,4650.0,93700000.0,4620
2020-01-29,4700.0,4700.0,4640.0,4650.0,93700000.0,4580.0,4640.0,4570.0,4620.0,95390000.0,4620
2020-01-30,4580.0,4640.0,4570.0,4620.0,95390000.0,4620.0,4660.0,4600.0,4620.0,194870000.0,4580
2020-01-31,4620.0,4660.0,4600.0,4620.0,194870000.0,4700.0,4700.0,4580.0,4580.0,87730000.0,4460
2020-02-03,4700.0,4700.0,4580.0,4580.0,87730000.0,4570.0,4580.0,4460.0,4460.0,137060000.0,4460
2020-02-04,4570.0,4580.0,4460.0,4460.0,137060000.0,4460.0,4490.0,4450.0,4460.0,131580000.00000001,4560
2020-02-05,4460.0,4490.0,4450.0,4460.0,131580000.00000001,4690.0,4690.0,4520.0,4560.0,112380000.0,4560
2020-02-06,4690.0,4690.0,4520.0,4560.0,112380000.0,4570.0,4580.0,4510.0,4560.0,91270000.0,4550
2020-02-07,4570.0,4580.0,4510.0,4560.0,91270000.0,4590.0,4590.0,4530.0,4550.0,94860000.0,4550
2020-02-10,4590.0,4590.0,4530.0,4550.0,94860000.0,4580.0,4580.0,4540.0,4550.0,133039999.99999999,4500
2020-02-11,4580.0,4580.0,4540.0,4550.0,133039999.99999999,4500.0,4530.0,4400.0,4500.0,170890000.0,4510
2020-02-12,4500.0,4530.0,4400.0,4500.0,170890000.0,4540.0,4540.0,4480.0,4510.0,85150000.0,4530
2020-02-13,4540.0,4540.0,4480.0,4510.0,85150000.0,4520.0,4560.0,4520.0,4530.0,130150000.0,4570
2020-02-14,4520.0,4560.0,4520.0,4530.0,130150000.0,4580.0,4590.0,4540.0,4570.0,79710000.0,4550
2020-02-17,4580.0,4590.0,4540.0,4570.0,79710000.0,4530.0,4590.0,4530.0,4550.0,127000000.0,4470
2020-02-18,4530.0,4590.0,4530.0,4550.0,127000000.0,4480.0,4540.0,4470.0,4470.0,119760000.0,4400
2020-02-19,4480.0,4540.0,4470.0,4470.0,119760000.0,4470.0,4500.0,4400.0,4400.0,88690000.0,4480
2020-02-20,4470.0,4500.0,4400.0,4400.0,88690000.0,4460.0,4480.0,4450.0,4480.0,100810000.0,4560
2020-02-21,4460.0,4480.0,4450.0,4480.0,100810000.0,4520.0,4580.0,4510.0,4560.0,98180000.0,4510
2020-02-24,4520.0,4580.0,4510.0,4560.0,98180000.0,4560.0,4560.0,4510.0,4510.0,106960000.0,4490
2020-02-25,4560.0,4560.0,4510.0,4510.0,106960000.0,4540.0,4540.0,4470.0,4490.0,102910000.0,4500
2020-02-26,4540.0,4540.0,4470.0,4490.0,102910000.0,4460.0,4550.0,4460.0,4500.0,113930000.0,4480
2020-02-27,4460.0,4550.0,4460.0,4500.0,113930000.0,4500.0,4510.0,4470.0,4480.0,149200000.0,4130
2020-02-28,4500.0,4510.0,4470.0,4480.0,149200000.0,4380.0,4380.0,4120.0,4130.0,207160000.0,4190
2020-03-02,4380.0,4380.0,4120.0,4130.0,207160000.0,3990.0,4190.0,3910.0,4190.0,191960000.0,3980
2020-03-03,3990.0,4190.0,3910.0,4190.0,191960000.0,4190.0,4200.0,3980.0,3980.0,187660000.0,4100
2020-03-04,4190.0,4200.0,3980.0,3980.0,187660000.0,4050.0,4180.0,4000.0,4100.0,198410000.0,4220
2020-03-05,4050.0,4180.0,4000.0,4100.0,198410000.0,4140.0,4240.0,4130.0,4220.0,116310000.0,4150
2020-03-06,4140.0,4240.0,4130.0,4220.0,116310000.0,4290.0,4300.0,4130.0,4150.0,133590000.0,4010
2020-03-09,4290.0,4300.0,4130.0,4150.0,133590000.0,4040.0,4050.0,4000.0,4010.0,159390000.0,3750
2020-03-10,4040.0,4050.0,4000.0,4010.0,159390000.0,3900.0,3950.0,3750.0,3750.0,149030000.0,3910
2020-03-11,3900.0,3950.0,3750.0,3750.0,149030000.0,3780.0,4030.0,3780.0,3910.0,165980000.0,3910
2020-03-12,3780.0,4030.0,3780.0,3910.0,165980000.0,3950.0,4030.0,3880.0,3910.0,177520000.0,3610
2020-03-13,3950.0,4030.0,3880.0,3910.0,177520000.0,3820.0,3840.0,3600.0,3610.0,151940000.0,3720
2020-03-16,3820.0,3840.0,3600.0,3610.0,151940000.0,3610.0,3770.0,3360.0,3720.0,268840000.0,3500
2020-03-17,3610.0,3770.0,3360.0,3720.0,268840000.0,3750.0,3750.0,3460.0,3500.0,178420000.0,3260
2020-03-18,3750.0,3750.0,3460.0,3500.0,178420000.0,3500.0,3570.0,3260.0,3260.0,208570000.0,3140
2020-03-19,3500.0,3570.0,3260.0,3260.0,208570000.0,3270.0,3440.0,3090.0,3140.0,248100000.0,2930
2020-03-20,3270.0,3440.0,3090.0,3140.0,248100000.0,3130.0,3140.0,2930.0,2930.0,137950000.0,2810
2020-03-23,3130.0,3140.0,2930.0,2930.0,137950000.0,2930.0,2970.0,2730.0,2810.0,598360000.0,2620
2020-03-24,2930.0,2970.0,2730.0,2810.0,598360000.0,2650.0,2700.0,2620.0,2620.0,164400000.0,2440
2020-03-26,2650.0,2700.0,2620.0,2620.0,164400000.0,2580.0,2750.0,2440.0,2440.0,495130000.0,2940
2020-03-27,2580.0,2750.0,2440.0,2440.0,495130000.0,2500.0,3000.0,2500.0,2940.0,634590000.0,3230
2020-03-30,2500.0,3000.0,2500.0,2940.0,634590000.0,3000.0,3670.0,3000.0,3230.0,480930000.0,3010
2020-03-31,3000.0,3670.0,3000.0,3230.0,480930000.0,3150.0,3150.0,3010.0,3010.0,217510000.0,3020
2020-04-01,3150.0,3150.0,3010.0,3010.0,217510000.0,3100.0,3200.0,2970.0,3020.0,315000000.0,2930
2020-04-02,3100.0,3200.0,2970.0,3020.0,315000000.0,3010.0,3080.0,2900.0,2930.0,271740000.0,2870
2020-04-03,3010.0,3080.0,2900.0,2930.0,271740000.0,2850.0,2900.0,2800.0,2870.0,299880000.0,2890
2020-04-06,2850.0,2900.0,2800.0,2870.0,299880000.0,2930.0,2950.0,2830.0,2890.0,293150000.0,3020
2020-04-07,2930.0,2950.0,2830.0,2890.0,293150000.0,2950.0,3030.0,2910.0,3020.0,285100000.0,3030
2020-04-08,2950.0,3030.0,2910.0,3020.0,285100000.0,3100.0,3240.0,2950.0,3030.0,405390000.0,2820
2020-04-09,3100.0,3240.0,2950.0,3030.0,405390000.0,3000.0,3040.0,2820.0,2820.0,292950000.0,2790
2020-04-13,3000.0,3040.0,2820.0,2820.0,292950000.0,2860.0,2910.0,2750.0,2790.0,265790000.00000003,2770
2020-04-14,2860.0,2910.0,2750.0,2790.0,265790000.00000003,2790.0,2840.0,2700.0,2770.0,123730000.0,2900
2020-04-15,2790.0,2840.0,2700.0,2770.0,123730000.0,2790.0,2900.0,2770.0,2900.0,219730000.0,2760
2020-04-16,2790.0,2900.0,2770.0,2900.0,219730000.0,2900.0,2990.0,2730.0,2760.0,319100000.0,2610
2020-04-17,2900.0,2990.0,2730.0,2760.0,319100000.0,2770.0,2770.0,2580.0,2610.0,367750000.0,2830
2020-04-20,2770.0,2770.0,2580.0,2610.0,367750000.0,2670.0,2840.0,2660.0,2830.0,402330000.0,2780
2020-04-21,2670.0,2840.0,2660.0,2830.0,402330000.0,2880.0,2900.0,2760.0,2780.0,222010000.0,2720
2020-04-22,2880.0,2900.0,2760.0,2780.0,222010000.0,2750.0,2790.0,2690.0,2720.0,132870000.0,2790
2020-04-23,2750.0,2790.0,2690.0,2720.0,132870000.0,2700.0,2830.0,2650.0,2790.0,179540000.0,2800
2020-04-24,2700.0,2830.0,2650.0,2790.0,179540000.0,2830.0,2880.0,2790.0,2800.0,216170000.0,2630
2020-04-27,2830.0,2880.0,2790.0,2800.0,216170000.0,2800.0,2800.0,2630.0,2630.0,293710000.0,2660
2020-04-28,2800.0,2800.0,2630.0,2630.0,293710000.0,2680.0,2700.0,2610.0,2660.0,182610000.0,2590
2020-04-29,2680.0,2700.0,2610.0,2660.0,182610000.0,2680.0,2690.0,2570.0,2590.0,268300000.0,2580
2020-04-30,2680.0,2690.0,2570.0,2590.0,268300000.0,2600.0,2620.0,2560.0,2580.0,209140000.0,2730
2020-05-04,2600.0,2620.0,2560.0,2580.0,209140000.0,2620.0,2740.0,2610.0,2730.0,432070000.0,2630
2020-05-05,2620.0,2740.0,2610.0,2730.0,432070000.0,2670.0,2680.0,2600.0,2630.0,200610000.0,2630
2020-05-06,2670.0,2680.0,2600.0,2630.0,200610000.0,2630.0,2680.0,2610.0,2630.0,184760000.0,2620
2020-05-08,2630.0,2680.0,2610.0,2630.0,184760000.0,2630.0,2650.0,2600.0,2620.0,173050000.0,2590
2020-05-11,2630.0,2650.0,2600.0,2620.0,173050000.0,2640.0,2660.0,2580.0,2590.0,205760000.0,2620
2020-05-12,2640.0,2660.0,2580.0,2590.0,205760000.0,2630.0,2640.0,2600.0,2620.0,154600000.0,2490
2020-05-13,2630.0,2640.0,2600.0,2620.0,154600000.0,2620.0,2630.0,2470.0,2490.0,368670000.0,2470
2020-05-14,2620.0,2630.0,2470.0,2490.0,368670000.0,2460.0,2520.0,2440.0,2470.0,338590000.0,2350
2020-05-15,2460.0,2520.0,2440.0,2470.0,338590000.0,2440.0,2480.0,2330.0,2350.0,470270000.0,2240
2020-05-18,2440.0,2480.0,2330.0,2350.0,470270000.0,2380.0,2400.0,2210.0,2240.0,594660000.0,2170
2020-05-19,2380.0,2400.0,2210.0,2240.0,594660000.0,2250.0,2270.0,2160.0,2170.0,455460000.0,2370
2020-05-20,2250.0,2270.0,2160.0,2170.0,455460000.0,2250.0,2420.0,2250.0,2370.0,531309999.99999994,2480
2020-05-26,2250.0,2420.0,2250.0,2370.0,531309999.99999994,2360.0,2500.0,2320.0,2480.0,394400000.0,2520
2020-05-27,2360.0,2500.0,2320.0,2480.0,394400000.0,2550.0,2550.0,2470.0,2520.0,404100000.0,2630
2020-05-28,2550.0,2550.0,2470.0,2520.0,404100000.0,2540.0,2630.0,2520.0,2630.0,432810000.0,2730
2020-05-29,2540.0,2630.0,2520.0,2630.0,432810000.0,2640.0,2780.0,2640.0,2730.0,453390000.0,2950
2020-06-02,2640.0,2780.0,2640.0,2730.0,453390000.0,2700.0,2950.0,2700.0,2950.0,872610000.0,3180
2020-06-03,2700.0,2950.0,2700.0,2950.0,872610000.0,2950.0,3290.0,2950.0,3180.0,467460000.0,3024
2020-06-04,2950.0,3290.0,2950.0,3180.0,467460000.0,3122.0,3200.0,2937.0,3024.0,449060000.0,2985
2020-06-05,3122.0,3200.0,2937.0,3024.0,449060000.0,3044.0,3122.0,2956.0,2985.0,256399999.99999997,3034
2020-06-08,3044.0,3122.0,2956.0,2985.0,256399999.99999997,2995.0,3054.0,2888.0,3034.0,274080000.0,3220
2020-06-09,2995.0,3054.0,2888.0,3034.0,274080000.0,3102.0,3288.0,3093.0,3220.0,393940000.0,3132
2020-06-10,3102.0,3288.0,3093.0,3220.0,393940000.0,3268.0,3278.0,3132.0,3132.0,260860000.0,2956
2020-06-11,3268.0,3278.0,3132.0,3132.0,260860000.0,3102.0,3102.0,2927.0,2956.0,454320000.0,2898
2020-06-12,3102.0,3102.0,2927.0,2956.0,454320000.0,3054.0,3054.0,2829.0,2898.0,381660000.0,2956
2020-06-15,3054.0,3054.0,2829.0,2898.0,381660000.0,2829.0,2966.0,2732.0,2956.0,483940000.0,2829
2020-06-16,2829.0,2966.0,2732.0,2956.0,483940000.0,2966.0,2976.0,2820.0,2829.0,236540000.0,3054
2020-06-17,2966.0,2976.0,2820.0,2829.0,236540000.0,2898.0,3073.0,2888.0,3054.0,347150000.0,3024
2020-06-18,2898.0,3073.0,2888.0,3054.0,347150000.0,3122.0,3122.0,3005.0,3024.0,223640000.0,2976
2020-06-19,3122.0,3122.0,3005.0,3024.0,223640000.0,2976.0,3044.0,2966.0,2976.0,134220000.0,3024
2020-06-22,2976.0,3044.0,2966.0,2976.0,134220000.0,3005.0,3034.0,2985.0,3024.0,171150000.0,2985
2020-06-23,3005.0,3034.0,2985.0,3024.0,171150000.0,3024.0,3034.0,2956.0,2985.0,97760000.0,2937
2020-06-24,3024.0,3034.0,2956.0,2985.0,97760000.0,2946.0,2985.0,2907.0,2937.0,175710000.0,3044
2020-06-25,2946.0,2985.0,2907.0,2937.0,175710000.0,2976.0,3063.0,2937.0,3044.0,316200000.0,2985
2020-06-26,2976.0,3063.0,2937.0,3044.0,316200000.0,3024.0,3034.0,2966.0,2985.0,162170000.0,2956
2020-06-29,3024.0,3034.0,2966.0,2985.0,162170000.0,3024.0,3044.0,2946.0,2956.0,150990000.0,2966
2020-06-30,3024.0,3044.0,2946.0,2956.0,150990000.0,2966.0,2985.0,2907.0,2966.0,121780000.0,2956
2020-07-01,2966.0,2985.0,2907.0,2966.0,121780000.0,2995.0,3034.0,2956.0,2956.0,137370000.0,2985
2020-07-02,2995.0,3034.0,2956.0,2956.0,137370000.0,2966.0,2995.0,2956.0,2985.0,103820000.0,2985
2020-07-03,2966.0,2995.0,2956.0,2985.0,103820000.0,3015.0,3015.0,2966.0,2985.0,173720000.0,2976
2020-07-06,3015.0,3015.0,2966.0,2985.0,173720000.0,2985.0,3015.0,2966.0,2976.0,50710000.0,2966
2020-07-07,2985.0,3015.0,2966.0,2976.0,50710000.0,2995.0,3024.0,2956.0,2966.0,138050000.0,2956
2020-07-08,2995.0,3024.0,2956.0,2966.0,138050000.0,2995.0,3005.0,2956.0,2956.0,212560000.0,3112
2020-07-09,2995.0,3005.0,2956.0,2956.0,212560000.0,2966.0,3122.0,2956.0,3112.0,348160000.0,3063
2020-07-10,2966.0,3122.0,2956.0,3112.0,348160000.0,3112.0,3151.0,3063.0,3063.0,196990000.0,3034
2020-07-13,3112.0,3151.0,3063.0,3063.0,196990000.0,3054.0,3073.0,3024.0,3034.0,109800000.0,3083
2020-07-14,3054.0,3073.0,3024.0,3034.0,109800000.0,3054.0,3102.0,2976.0,3083.0,98260000.0,3093
2020-07-15,3054.0,3102.0,2976.0,3083.0,98260000.0,3083.0,3171.0,3054.0,3093.0,216520000.0,3054
2020-07-16,3083.0,3171.0,3054.0,3093.0,216520000.0,3122.0,3161.0,3054.0,3054.0,169870000.0,3063
2020-07-17,3122.0,3161.0,3054.0,3054.0,169870000.0,3054.0,3083.0,3054.0,3063.0,120030000.0,3024
2020-07-20,3054.0,3083.0,3054.0,3063.0,120030000.0,3063.0,3073.0,3024.0,3024.0,122580000.0,2976
2020-07-21,3063.0,3073.0,3024.0,3024.0,122580000.0,3024.0,3054.0,2956.0,2976.0,139960000.0,3073
2020-07-22,3024.0,3054.0,2956.0,2976.0,139960000.0,2976.0,3102.0,2976.0,3073.0,209260000.0,3024
2020-07-23,2976.0,3102.0,2976.0,3073.0,209260000.0,3083.0,3093.0,3015.0,3024.0,177900000.0,3063
2020-07-24,3083.0,3093.0,3015.0,3024.0,177900000.0,3044.0,3083.0,3024.0,3063.0,151560000.0,3015
2020-07-27,3044.0,3083.0,3024.0,3063.0,151560000.0,3054.0,3063.0,3015.0,3015.0,97180000.0,3073
2020-07-28,3054.0,3063.0,3015.0,3015.0,97180000.0,3015.0,3073.0,3015.0,3073.0,96880000.0,3063
2020-07-29,3015.0,3073.0,3015.0,3073.0,96880000.0,3083.0,3093.0,3024.0,3063.0,106010000.0,3044
2020-07-30,3083.0,3093.0,3024.0,3063.0,106010000.0,3063.0,3073.0,3024.0,3044.0,68860000.0,3083
2020-08-03,3063.0,3073.0,3024.0,3044.0,68860000.0,3054.0,3093.0,3034.0,3083.0,80440000.0,2917
2020-08-04,3054.0,3093.0,3034.0,3083.0,80440000.0,3093.0,3102.0,2898.0,2917.0,347770000.0,3005
2020-08-05,3093.0,3102.0,2898.0,2917.0,347770000.0,2927.0,3005.0,2927.0,3005.0,160200000.0,3005
2020-08-06,2927.0,3005.0,2927.0,3005.0,160200000.0,3024.0,3034.0,2966.0,3005.0,165540000.0,3034
2020-08-07,3024.0,3034.0,2966.0,3005.0,165540000.0,3024.0,3054.0,3015.0,3034.0,117470000.0,3034
2020-08-10,3024.0,3054.0,3015.0,3034.0,117470000.0,3034.0,3054.0,2985.0,3034.0,92170000.0,3054
2020-08-11,3034.0,3054.0,2985.0,3034.0,92170000.0,3034.0,3073.0,3024.0,3054.0,93750000.0,3112
2020-08-12,3034.0,3073.0,3024.0,3054.0,93750000.0,3054.0,3141.0,3054.0,3112.0,176770000.0,3268
2020-08-13,3054.0,3141.0,3054.0,3112.0,176770000.0,3112.0,3288.0,3112.0,3268.0,470910000.0,3249
2020-08-14,3112.0,3288.0,3112.0,3268.0,470910000.0,3268.0,3366.0,3220.0,3249.0,219580000.0,3259
2020-08-18,3268.0,3366.0,3220.0,3249.0,219580000.0,3249.0,3268.0,3200.0,3259.0,101630000.0,3434
2020-08-19,3249.0,3268.0,3200.0,3259.0,101630000.0,3259.0,3444.0,3259.0,3434.0,268550000.0,3473
2020-08-24,3259.0,3444.0,3259.0,3434.0,268550000.0,3434.0,3551.0,3434.0,3473.0,222970000.0,3551
2020-08-25,3434.0,3551.0,3434.0,3473.0,222970000.0,3444.0,3561.0,3434.0,3551.0,199850000.0,3707
2020-08-26,3444.0,3561.0,3434.0,3551.0,199850000.0,3580.0,3707.0,3551.0,3707.0,183780000.0,3649
2020-08-27,3580.0,3707.0,3551.0,3707.0,183780000.0,3707.0,3727.0,3610.0,3649.0,166010000.0,3610
2020-08-28,3707.0,3727.0,3610.0,3649.0,166010000.0,3649.0,3688.0,3571.0,3610.0,192690000.0,3600
2020-08-31,3649.0,3688.0,3571.0,3610.0,192690000.0,3620.0,3649.0,3561.0,3600.0,79840000.0,3424
2020-09-01,3620.0,3649.0,3561.0,3600.0,79840000.0,3610.0,3649.0,3415.0,3424.0,272700000.0,3522
2020-09-02,3610.0,3649.0,3415.0,3424.0,272700000.0,3463.0,3541.0,3395.0,3522.0,201890000.0,3571
2020-09-03,3463.0,3541.0,3395.0,3522.0,201890000.0,3532.0,3571.0,3502.0,3571.0,109600000.0,3493
2020-09-04,3532.0,3571.0,3502.0,3571.0,109600000.0,3571.0,3600.0,3463.0,3493.0,184100000.0,3463
2020-09-07,3571.0,3600.0,3463.0,3493.0,184100000.0,3522.0,3522.0,3395.0,3463.0,137920000.0,3424
2020-09-08,3522.0,3522.0,3395.0,3463.0,137920000.0,3463.0,3483.0,3415.0,3424.0,97190000.0,3434
2020-09-09,3463.0,3483.0,3415.0,3424.0,97190000.0,3424.0,3483.0,3424.0,3434.0,83420000.0,3327
2020-09-10,3424.0,3483.0,3424.0,3434.0,83420000.0,3395.0,3405.0,3298.0,3327.0,182900000.0,3102
2020-09-11,3395.0,3405.0,3298.0,3327.0,182900000.0,3220.0,3220.0,3102.0,3102.0,284800000.0,3171
2020-09-14,3220.0,3220.0,3102.0,3102.0,284800000.0,2946.0,3229.0,2937.0,3171.0,598090000.0,3356
2020-09-15,2946.0,3229.0,2937.0,3171.0,598090000.0,3220.0,3366.0,3220.0,3356.0,282790000.0,3249
2020-09-16,3220.0,3366.0,3220.0,3356.0,282790000.0,3356.0,3376.0,3229.0,3249.0,200420000.0,3181
2020-09-17,3356.0,3376.0,3229.0,3249.0,200420000.0,3288.0,3307.0,3161.0,3181.0,141990000.0,3122
2020-09-18,3288.0,3307.0,3161.0,3181.0,141990000.0,3190.0,3229.0,3093.0,3122.0,171800000.0,3141
2020-09-21,3190.0,3229.0,3093.0,3122.0,171800000.0,3122.0,3190.0,3112.0,3141.0,207960000.0,3112
2020-09-22,3122.0,3190.0,3112.0,3141.0,207960000.0,3122.0,3171.0,3073.0,3112.0,117020000.0,3054
2020-09-23,3122.0,3171.0,3073.0,3112.0,117020000.0,3034.0,3112.0,3024.0,3054.0,137950000.0,3005
2020-09-24,3034.0,3112.0,3024.0,3054.0,137950000.0,3093.0,3102.0,2976.0,3005.0,123620000.0,2956
2020-09-25,3093.0,3102.0,2976.0,3005.0,123620000.0,2956.0,3005.0,2937.0,2956.0,168260000.0,3083
2020-09-28,2956.0,3005.0,2937.0,2956.0,168260000.0,2985.0,3102.0,2966.0,3083.0,173660000.0,3015
2020-09-29,2985.0,3102.0,2966.0,3083.0,173660000.0,3102.0,3151.0,3005.0,3015.0,138850000.0,2966
2020-09-30,3102.0,3151.0,3005.0,3015.0,138850000.0,3044.0,3083.0,2946.0,2966.0,187270000.0,2966
2020-10-01,3044.0,3083.0,2946.0,2966.0,187270000.0,2985.0,3005.0,2927.0,2966.0,172030000.0,3083
2020-10-02,2985.0,3005.0,2927.0,2966.0,172030000.0,3015.0,3093.0,2985.0,3083.0,133280000.0,3024
2020-10-05,3015.0,3093.0,2985.0,3083.0,133280000.0,3102.0,3132.0,2985.0,3024.0,160990000.0,3083
2020-10-06,3102.0,3132.0,2985.0,3024.0,160990000.0,3083.0,3093.0,3034.0,3083.0,95040000.0,3112
2020-10-07,3083.0,3093.0,3034.0,3083.0,95040000.0,3141.0,3161.0,3102.0,3112.0,123840000.0,3044
2020-10-08,3141.0,3161.0,3102.0,3112.0,123840000.0,3083.0,3093.0,3005.0,3044.0,295960000.0,3073
2020-10-09,3083.0,3093.0,3005.0,3044.0,295960000.0,3073.0,3093.0,3034.0,3073.0,127020000.0,3073
2020-10-12,3073.0,3093.0,3034.0,3073.0,127020000.0,3073.0,3093.0,3044.0,3073.0,83160000.0,3112
2020-10-13,3073.0,3093.0,3044.0,3073.0,83160000.0,3083.0,3132.0,3073.0,3112.0,160430000.0,3200
2020-10-14,3083.0,3132.0,3073.0,3112.0,160430000.0,3112.0,3220.0,3073.0,3200.0,209550000.0,3278
2020-10-15,3112.0,3220.0,3073.0,3200.0,209550000.0,3220.0,3298.0,3210.0,3278.0,198730000.0,3229
2020-10-16,3220.0,3298.0,3210.0,3278.0,198730000.0,3278.0,3298.0,3229.0,3229.0,187880000.0,3171
2020-10-19,3278.0,3298.0,3229.0,3229.0,187880000.0,3259.0,3278.0,3132.0,3171.0,143960000.0,3200
2020-10-20,3259.0,3278.0,3132.0,3171.0,143960000.0,3181.0,3210.0,3151.0,3200.0,98610000.0,3171
2020-10-21,3181.0,3210.0,3151.0,3200.0,98610000.0,3200.0,3210.0,3132.0,3171.0,137390000.0,3161
2020-10-22,3200.0,3210.0,3132.0,3171.0,137390000.0,3200.0,3229.0,3151.0,3161.0,119910000.0,3220
2020-10-23,3200.0,3229.0,3151.0,3161.0,119910000.0,3141.0,3220.0,3122.0,3220.0,164140000.0,3210
2020-10-26,3141.0,3220.0,3122.0,3220.0,164140000.0,3268.0,3268.0,3190.0,3210.0,120180000.0,3259
2020-10-27,3268.0,3268.0,3190.0,3210.0,120180000.0,3220.0,3278.0,3210.0,3259.0,103750000.0,3278
2020-11-02,3220.0,3278.0,3210.0,3259.0,103750000.0,3259.0,3317.0,3249.0,3278.0,187890000.0,3298
2020-11-03,3259.0,3317.0,3249.0,3278.0,187890000.0,3278.0,3307.0,3220.0,3298.0,160700000.0,3298
2020-11-04,3278.0,3307.0,3220.0,3298.0,160700000.0,3307.0,3317.0,3278.0,3298.0,124490000.0,3210
2020-11-05,3307.0,3317.0,3278.0,3298.0,124490000.0,3337.0,3337.0,3210.0,3210.0,141690000.0,3405
2020-11-06,3337.0,3337.0,3210.0,3210.0,141690000.0,3288.0,3405.0,3278.0,3405.0,240660000.0,3473
2020-11-09,3288.0,3405.0,3278.0,3405.0,240660000.0,3424.0,3512.0,3385.0,3473.0,275490000.0,3600
2020-11-10,3424.0,3512.0,3385.0,3473.0,275490000.0,3590.0,3600.0,3493.0,3600.0,263899999.99999997,3902
2020-11-11,3590.0,3600.0,3493.0,3600.0,263899999.99999997,3707.0,3912.0,3678.0,3902.0,579710000.0,4020
2020-11-12,3707.0,3912.0,3678.0,3902.0,579710000.0,3873.0,4088.0,3854.0,4020.0,366030000.0,3854
2020-11-13,3873.0,4088.0,3854.0,4020.0,366030000.0,4000.0,4000.0,3824.0,3854.0,341630000.0,3902
2020-11-16,4000.0,4000.0,3824.0,3854.0,341630000.0,3873.0,3980.0,3863.0,3902.0,243310000.0,3863
2020-11-17,3873.0,3980.0,3863.0,3902.0,243310000.0,3951.0,3971.0,3834.0,3863.0,197850000.0,3863
2020-11-18,3951.0,3971.0,3834.0,3863.0,197850000.0,3902.0,3922.0,3834.0,3863.0,185370000.0,3941
2020-11-19,3902.0,3922.0,3834.0,3863.0,185370000.0,3883.0,3951.0,3873.0,3941.0,187230000.0,3941
2020-11-20,3883.0,3951.0,3873.0,3941.0,187230000.0,3912.0,4029.0,3883.0,3941.0,204700000.0,3922
2020-11-23,3912.0,4029.0,3883.0,3941.0,204700000.0,3941.0,3980.0,3893.0,3922.0,127910000.0,3980
2020-11-24,3941.0,3980.0,3893.0,3922.0,127910000.0,3912.0,4000.0,3912.0,3980.0,126600000.0,4098
2020-11-25,3912.0,4000.0,3912.0,3980.0,126600000.0,4020.0,4127.0,3980.0,4098.0,211320000.0,4215
2020-11-26,4020.0,4127.0,3980.0,4098.0,211320000.0,4215.0,4283.0,4146.0,4215.0,290420000.0,4185
2020-11-27,4215.0,4283.0,4146.0,4215.0,290420000.0,4117.0,4215.0,4117.0,4185.0,139940000.0,4166
2020-11-30,4117.0,4215.0,4117.0,4185.0,139940000.0,4224.0,4263.0,4166.0,4166.0,117820000.0,3990
2020-12-01,4224.0,4263.0,4166.0,4166.0,117820000.0,4146.0,4176.0,3893.0,3990.0,460020000.0,4137
2020-12-02,4146.0,4176.0,3893.0,3990.0,460020000.0,4029.0,4156.0,3971.0,4137.0,234120000.0,4195
2020-12-03,4029.0,4156.0,3971.0,4137.0,234120000.0,4215.0,4234.0,4146.0,4195.0,139760000.0,4293
2020-12-04,4215.0,4234.0,4146.0,4195.0,139760000.0,4244.0,4293.0,4195.0,4293.0,203960000.0,4195
2020-12-07,4244.0,4293.0,4195.0,4293.0,203960000.0,4293.0,4293.0,4166.0,4195.0,154140000.0,4293
2020-12-08,4293.0,4293.0,4166.0,4195.0,154140000.0,4244.0,4312.0,4244.0,4293.0,144370000.0,4293
2020-12-10,4244.0,4312.0,4244.0,4293.0,144370000.0,4293.0,4293.0,4234.0,4293.0,83310000.0,4224
2020-12-11,4293.0,4293.0,4234.0,4293.0,83310000.0,4341.0,4341.0,4224.0,4224.0,198470000.0,4176
2020-12-14,4341.0,4341.0,4224.0,4224.0,198470000.0,4293.0,4293.0,4156.0,4176.0,178810000.0,4176
2020-12-15,4293.0,4293.0,4156.0,4176.0,178810000.0,4195.0,4205.0,4166.0,4176.0,130570000.0,4176
2020-12-16,4195.0,4205.0,4166.0,4176.0,130570000.0,4176.0,4185.0,4137.0,4176.0,137060000.0,4215
2020-12-17,4176.0,4185.0,4137.0,4176.0,137060000.0,4234.0,4244.0,4195.0,4215.0,133300000.00000001,4224
2020-12-18,4234.0,4244.0,4195.0,4215.0,133300000.00000001,4254.0,4254.0,4205.0,4224.0,145270000.0,4176
2020-12-21,4254.0,4254.0,4205.0,4224.0,145270000.0,4166.0,4195.0,4166.0,4176.0,212600000.0,4107
2020-12-22,4166.0,4195.0,4166.0,4176.0,212600000.0,4224.0,4234.0,4107.0,4107.0,224450000.0,4029
2020-12-23,4224.0,4234.0,4107.0,4107.0,224450000.0,4137.0,4176.0,4020.0,4029.0,175770000.0,4059
2020-12-28,4137.0,4176.0,4020.0,4029.0,175770000.0,4049.0,4078.0,3854.0,4059.0,174410000.0,4146
2020-12-29,4049.0,4078.0,3854.0,4059.0,174410000.0,4146.0,4156.0,4059.0,4146.0,88270000.0,4078
2020-12-30,4146.0,4156.0,4059.0,4146.0,88270000.0,4146.0,4176.0,4068.0,4078.0,77090000.0,4068
2021-01-04,4146.0,4176.0,4068.0,4078.0,77090000.0,4088.0,4107.0,4029.0,4068.0,92270000.0,4205
2021-01-05,4088.0,4107.0,4029.0,4068.0,92270000.0,4049.0,4215.0,4049.0,4205.0,98980000.0,4166
2021-01-06,4049.0,4215.0,4049.0,4205.0,98980000.0,4195.0,4195.0,4137.0,4166.0,99670000.0,4098
2021-01-07,4195.0,4195.0,4137.0,4166.0,99670000.0,4176.0,4195.0,4059.0,4098.0,119550000.0,4176
2021-01-08,4176.0,4195.0,4059.0,4098.0,119550000.0,4156.0,4185.0,4107.0,4176.0,132130000.0,4283
2021-01-11,4156.0,4185.0,4107.0,4176.0,132130000.0,4224.0,4283.0,4195.0,4283.0,191030000.0,4537
2021-01-12,4224.0,4283.0,4195.0,4283.0,191030000.0,4312.0,4546.0,4302.0,4537.0,393310000.0,4605
2021-01-13,4312.0,4546.0,4302.0,4537.0,393310000.0,4566.0,4654.0,4556.0,4605.0,242640000.0,4673
2021-01-14,4566.0,4654.0,4556.0,4605.0,242640000.0,4654.0,4722.0,4634.0,4673.0,215420000.0,4654
2021-01-15,4654.0,4722.0,4634.0,4673.0,215420000.0,4702.0,4712.0,4605.0,4654.0,136960000.0,4468
2021-01-18,4702.0,4712.0,4605.0,4654.0,136960000.0,4654.0,4654.0,4439.0,4468.0,209840000.0,4507
2021-01-19,4654.0,4654.0,4439.0,4468.0,209840000.0,4468.0,4537.0,4429.0,4507.0,170120000.0,4507
2021-01-20,4468.0,4537.0,4429.0,4507.0,170120000.0,4585.0,4585.0,4498.0,4507.0,142040000.0,4771
2021-01-21,4585.0,4585.0,4498.0,4507.0,142040000.0,4556.0,4800.0,4537.0,4771.0,258790000.00000003,4673
2021-01-22,4556.0,4800.0,4537.0,4771.0,258790000.00000003,4800.0,4829.0,4654.0,4673.0,165190000.0,4605
2021-01-25,4800.0,4829.0,4654.0,4673.0,165190000.0,4741.0,4741.0,4566.0,4605.0,170830000.0,4663
2021-01-26,4741.0,4741.0,4566.0,4605.0,170830000.0,4673.0,4673.0,4498.0,4663.0,154010000.0,4537
2021-01-27,4673.0,4673.0,4498.0,4663.0,154010000.0,4663.0,4673.0,4507.0,4537.0,152680000.0,4507
2021-01-28,4663.0,4673.0,4507.0,4537.0,152680000.0,4537.0,4605.0,4390.0,4507.0,185140000.0,4361
2021-01-29,4537.0,4605.0,4390.0,4507.0,185140000.0,4468.0,4537.0,4312.0,4361.0,164250000.0,4078
2021-02-01,4468.0,4537.0,4312.0,4361.0,164250000.0,4459.0,4498.0,4078.0,4078.0,287210000.0,4293
2021-02-02,4459.0,4498.0,4078.0,4078.0,287210000.0,4078.0,4332.0,3863.0,4293.0,330900000.0,4254
2021-02-03,4078.0,4332.0,3863.0,4293.0,330900000.0,4380.0,4380.0,4156.0,4254.0,156100000.0,4273
2021-02-04,4380.0,4380.0,4156.0,4254.0,156100000.0,4371.0,4371.0,4254.0,4273.0,115770000.0,4380
2021-02-05,4371.0,4371.0,4254.0,4273.0,115770000.0,4341.0,4468.0,4263.0,4380.0,151440000.0,4361
2021-02-08,4341.0,4468.0,4263.0,4380.0,151440000.0,4429.0,4429.0,4312.0,4361.0,92250000.0,4351
2021-02-09,4429.0,4429.0,4312.0,4361.0,92250000.0,4420.0,4420.0,4341.0,4351.0,112020000.0,4507
2021-02-10,4420.0,4420.0,4341.0,4351.0,112020000.0,4390.0,4654.0,4390.0,4507.0,432700000.0,4537
2021-02-11,4390.0,4654.0,4390.0,4507.0,432700000.0,4517.0,4595.0,4488.0,4537.0,188370000.0,4566
2021-02-15,4517.0,4595.0,4488.0,4537.0,188370000.0,4585.0,4595.0,4517.0,4566.0,92890000.0,4595
2021-02-16,4585.0,4595.0,4517.0,4566.0,92890000.0,4595.0,4663.0,4585.0,4595.0,86810000.0,4556
2021-02-17,4595.0,4663.0,4585.0,4595.0,86810000.0,4624.0,4624.0,4546.0,4556.0,66739999.99999999,4517
2021-02-18,4624.0,4624.0,4546.0,4556.0,66739999.99999999,4595.0,4615.0,4507.0,4517.0,94610000.0,4556
2021-02-19,4595.0,4615.0,4507.0,4517.0,94610000.0,4585.0,4654.0,4537.0,4556.0,141720000.0,4673
2021-02-22,4585.0,4654.0,4537.0,4556.0,141720000.0,4488.0,4673.0,4488.0,4673.0,102390000.0,4673
2021-02-23,4488.0,4673.0,4488.0,4673.0,102390000.0,4732.0,4751.0,4644.0,4673.0,146870000.0,4673
2021-02-24,4732.0,4751.0,4644.0,4673.0,146870000.0,4693.0,4712.0,4624.0,4673.0,100460000.0,4615
2021-02-25,4693.0,4712.0,4624.0,4673.0,100460000.0,4673.0,4702.0,4595.0,4615.0,98380000.0,4615
2021-02-26,4673.0,4702.0,4595.0,4615.0,98380000.0,4654.0,4654.0,4556.0,4615.0,122660000.0,4595
2021-03-01,4654.0,4654.0,4556.0,4615.0,122660000.0,4615.0,4634.0,4585.0,4595.0,150760000.0,4712
2021-03-02,4615.0,4634.0,4585.0,4595.0,150760000.0,4683.0,4712.0,4605.0,4712.0,118360000.0,4683
2021-03-03,4683.0,4712.0,4605.0,4712.0,118360000.0,4751.0,4761.0,4683.0,4683.0,70070000.0,4732
2021-03-04,4751.0,4761.0,4683.0,4683.0,70070000.0,4683.0,4732.0,4624.0,4732.0,79230000.0,4644
2021-03-05,4683.0,4732.0,4624.0,4732.0,79230000.0,4732.0,4732.0,4615.0,4644.0,109860000.0,4654
2021-03-08,4732.0,4732.0,4615.0,4644.0,109860000.0,4624.0,4654.0,4585.0,4654.0,66330000.0,4615
2021-03-09,4624.0,4654.0,4585.0,4654.0,66330000.0,4683.0,4702.0,4615.0,4615.0,65150000.00000001,4468
2021-03-10,4683.0,4702.0,4615.0,4615.0,65150000.00000001,4634.0,4634.0,4449.0,4468.0,154240000.0,4517
2021-03-12,4634.0,4634.0,4449.0,4468.0,154240000.0,4537.0,4546.0,4478.0,4517.0,72130000.0,4468
2021-03-15,4537.0,4546.0,4478.0,4517.0,72130000.0,4576.0,4576.0,4429.0,4468.0,141970000.0,4459
2021-03-16,4576.0,4576.0,4429.0,4468.0,141970000.0,4468.0,4517.0,4449.0,4459.0,88970000.0,4605
2021-03-17,4468.0,4517.0,4449.0,4459.0,88970000.0,4546.0,4654.0,4498.0,4605.0,140730000.0,4556
2021-03-18,4546.0,4654.0,4498.0,4605.0,140730000.0,4566.0,4585.0,4488.0,4556.0,108320000.0,4644
2021-03-19,4566.0,4585.0,4488.0,4556.0,108320000.0,4595.0,4654.0,4576.0,4644.0,89110000.0,4556
2021-03-22,4595.0,4654.0,4576.0,4644.0,89110000.0,4634.0,4634.0,4556.0,4556.0,155050000.0,4517
2021-03-23,4634.0,4634.0,4556.0,4556.0,155050000.0,4585.0,4585.0,4507.0,4517.0,62530000.0,4556
2021-03-24,4585.0,4585.0,4507.0,4517.0,62530000.0,4605.0,4605.0,4537.0,4556.0,107190000.0,4556
2021-03-25,4605.0,4605.0,4537.0,4556.0,107190000.0,4615.0,4615.0,4537.0,4556.0,112300000.0,4507
2021-03-26,4615.0,4615.0,4537.0,4556.0,112300000.0,4585.0,4585.0,4468.0,4507.0,88660000.0,4605
2021-03-29,4585.0,4585.0,4468.0,4507.0,88660000.0,4517.0,4605.0,4507.0,4605.0,99680000.0,4605
2021-03-30,4517.0,4605.0,4507.0,4605.0,99680000.0,4663.0,4663.0,4605.0,4605.0,99530000.0,4390
2021-03-31,4663.0,4663.0,4605.0,4605.0,99530000.0,4585.0,4585.0,4371.0,4390.0,200240000.0,4293
2021-04-01,4585.0,4585.0,4371.0,4390.0,200240000.0,4341.0,4371.0,4156.0,4293.0,301110000.0,4185
2021-04-05,4341.0,4371.0,4156.0,4293.0,301110000.0,4244.0,4263.0,4107.0,4185.0,316990000.0,4098
2021-04-06,4244.0,4263.0,4107.0,4185.0,316990000.0,4215.0,4224.0,4059.0,4098.0,321970000.0,4098
2021-04-07,4215.0,4224.0,4059.0,4098.0,321970000.0,4068.0,4127.0,4049.0,4098.0,155910000.0,4098
2021-04-08,4068.0,4127.0,4049.0,4098.0,155910000.0,4127.0,4137.0,4059.0,4098.0,108980000.0,4244
2021-04-09,4127.0,4137.0,4059.0,4098.0,108980000.0,4146.0,4254.0,4127.0,4244.0,147760000.0,4244
2021-04-12,4146.0,4254.0,4127.0,4244.0,147760000.0,4273.0,4293.0,4244.0,4244.0,116740000.0,4107
2021-04-13,4273.0,4293.0,4244.0,4244.0,116740000.0,4283.0,4283.0,4098.0,4107.0,107270000.0,4059
2021-04-14,4283.0,4283.0,4098.0,4107.0,107270000.0,4107.0,4156.0,4020.0,4059.0,111990000.0,4244
2021-04-15,4107.0,4156.0,4020.0,4059.0,111990000.0,4176.0,4244.0,4117.0,4244.0,105790000.0,4302
2021-04-16,4176.0,4244.0,4117.0,4244.0,105790000.0,4283.0,4302.0,4176.0,4302.0,80390000.0,4234
2021-04-19,4283.0,4302.0,4176.0,4302.0,80390000.0,4341.0,4351.0,4205.0,4234.0,69420000.0,4273
2021-04-20,4341.0,4351.0,4205.0,4234.0,69420000.0,4254.0,4273.0,4205.0,4273.0,57950000.0,4205
2021-04-21,4254.0,4273.0,4205.0,4273.0,57950000.0,4185.0,4224.0,4117.0,4205.0,91520000.0,4127
2021-04-22,4185.0,4224.0,4117.0,4205.0,91520000.0,4137.0,4185.0,4127.0,4127.0,48410000.0,4098
2021-04-23,4137.0,4185.0,4127.0,4127.0,48410000.0,4127.0,4156.0,4098.0,4098.0,110710000.0,4146
2021-04-26,4127.0,4156.0,4098.0,4098.0,110710000.0,4098.0,4176.0,4088.0,4146.0,112300000.0,4039
2021-04-27,4098.0,4176.0,4088.0,4146.0,112300000.0,4137.0,4146.0,4029.0,4039.0,146640000.0,4068
2021-04-28,4137.0,4146.0,4029.0,4039.0,146640000.0,4098.0,4098.0,4049.0,4068.0,136120000.0,4029
2021-04-29,4098.0,4098.0,4049.0,4068.0,136120000.0,4068.0,4117.0,4029.0,4029.0,117960000.0,4059
2021-04-30,4068.0,4117.0,4029.0,4029.0,117960000.0,4088.0,4098.0,4039.0,4059.0,116210000.0,3951
2021-05-03,4088.0,4098.0,4039.0,4059.0,116210000.0,4049.0,4059.0,3951.0,3951.0,239940000.0,3912
2021-05-04,4049.0,4059.0,3951.0,3951.0,239940000.0,3961.0,3971.0,3902.0,3912.0,115760000.0,3961
2021-05-05,3961.0,3971.0,3902.0,3912.0,115760000.0,3922.0,3971.0,3912.0,3961.0,78540000.0,3990
2021-05-06,3922.0,3971.0,3912.0,3961.0,78540000.0,4010.0,4029.0,3980.0,3990.0,109320000.0,4010
2021-05-07,4010.0,4029.0,3980.0,3990.0,109320000.0,4029.0,4029.0,3971.0,4010.0,80350000.0,3951
2021-05-10,4029.0,4029.0,3971.0,4010.0,80350000.0,4039.0,4039.0,3941.0,3951.0,77670000.0,3951
2021-05-11,4039.0,4039.0,3941.0,3951.0,77670000.0,3951.0,3990.0,3951.0,3951.0,75830000.0,3893
2021-05-17,3951.0,3990.0,3951.0,3951.0,75830000.0,3932.0,3941.0,3883.0,3893.0,155640000.0,3805
2021-05-18,3932.0,3941.0,3883.0,3893.0,155640000.0,3863.0,3902.0,3805.0,3805.0,200180000.0,3805
2021-05-19,3863.0,3902.0,3805.0,3805.0,200180000.0,3863.0,3863.0,3795.0,3805.0,118600000.0,3776
2021-05-20,3863.0,3863.0,3795.0,3805.0,118600000.0,3756.0,3844.0,3756.0,3776.0,126080000.0,3785
2021-05-21,3756.0,3844.0,3756.0,3776.0,126080000.0,3746.0,3834.0,3727.0,3785.0,153590000.0,3795
2021-05-24,3746.0,3834.0,3727.0,3785.0,153590000.0,3824.0,3854.0,3766.0,3795.0,112870000.0,3941
2021-05-25,3824.0,3854.0,3766.0,3795.0,112870000.0,3873.0,3961.0,3815.0,3941.0,137150000.0,3961
2021-05-27,3873.0,3961.0,3815.0,3941.0,137150000.0,3971.0,4039.0,3941.0,3961.0,157180000.0,3854
2021-05-28,3971.0,4039.0,3941.0,3961.0,157180000.0,4039.0,4088.0,3854.0,3854.0,580230000.0,3971
2021-05-31,4039.0,4088.0,3854.0,3854.0,580230000.0,3941.0,4068.0,3922.0,3971.0,255410000.0,4156
2021-06-02,3941.0,4068.0,3922.0,3971.0,255410000.0,4029.0,4176.0,4010.0,4156.0,304270000.0,4156
2021-06-03,4029.0,4176.0,4010.0,4156.0,304270000.0,4244.0,4273.0,4127.0,4156.0,290960000.0,4254
2021-06-04,4244.0,4273.0,4127.0,4156.0,290960000.0,4166.0,4254.0,4117.0,4254.0,161620000.0,4234
2021-06-07,4166.0,4254.0,4117.0,4254.0,161620000.0,4273.0,4283.0,4185.0,4234.0,128729999.99999999,4146
2021-06-08,4273.0,4283.0,4185.0,4234.0,128729999.99999999,4234.0,4244.0,4107.0,4146.0,142340000.0,4098
2021-06-09,4234.0,4244.0,4107.0,4146.0,142340000.0,4176.0,4176.0,4088.0,4098.0,101460000.0,4117
2021-06-10,4176.0,4176.0,4088.0,4098.0,101460000.0,4000.0,4166.0,4000.0,4117.0,100110000.0,4195
2021-06-11,4000.0,4166.0,4000.0,4117.0,100110000.0,4176.0,4215.0,4156.0,4195.0,99690000.0,4176
2021-06-14,4176.0,4215.0,4156.0,4195.0,99690000.0,4244.0,4244.0,4176.0,4176.0,53870000.0,4244
2021-06-15,4244.0,4244.0,4176.0,4176.0,53870000.0,4224.0,4244.0,4176.0,4244.0,124270000.0,4127
2021-06-16,4224.0,4244.0,4176.0,4244.0,124270000.0,4244.0,4244.0,4107.0,4127.0,187030000.0,3912
2021-06-17,4244.0,4244.0,4107.0,4127.0,187030000.0,4049.0,4068.0,3912.0,3912.0,448200000.0,3932
2021-06-18,4049.0,4068.0,3912.0,3912.0,448200000.0,3883.0,3971.0,3834.0,3932.0,313320000.0,3815
2021-06-21,3883.0,3971.0,3834.0,3932.0,313320000.0,3961.0,3961.0,3815.0,3815.0,303400000.0,3844
2021-06-22,3961.0,3961.0,3815.0,3815.0,303400000.0,3785.0,3873.0,3766.0,3844.0,148670000.0,3941
2021-06-23,3785.0,3873.0,3766.0,3844.0,148670000.0,3844.0,3971.0,3824.0,3941.0,123780000.0,3844
2021-06-24,3844.0,3971.0,3824.0,3941.0,123780000.0,3951.0,3971.0,3844.0,3844.0,166560000.0,3893
2021-06-25,3951.0,3971.0,3844.0,3844.0,166560000.0,3902.0,3912.0,3863.0,3893.0,51640000.0,3893
2021-06-28,3902.0,3912.0,3863.0,3893.0,51640000.0,3932.0,3941.0,3893.0,3893.0,77480000.0,3834
2021-06-29,3932.0,3941.0,3893.0,3893.0,77480000.0,3883.0,3893.0,3834.0,3834.0,144760000.0,3805
2021-06-30,3883.0,3893.0,3834.0,3834.0,144760000.0,3766.0,3815.0,3766.0,3805.0,124820000.0,3844
2021-07-01,3766.0,3815.0,3766.0,3805.0,124820000.0,3805.0,3873.0,3795.0,3844.0,115670000.0,3844
2021-07-02,3805.0,3873.0,3795.0,3844.0,115670000.0,3844.0,3873.0,3815.0,3844.0,98070000.0,3893
2021-07-05,3844.0,3873.0,3815.0,3844.0,98070000.0,3902.0,3932.0,3873.0,3893.0,87440000.0,3805
2021-07-06,3902.0,3932.0,3873.0,3893.0,87440000.0,3834.0,3863.0,3785.0,3805.0,87090000.0,3795
2021-07-07,3834.0,3863.0,3785.0,3805.0,87090000.0,3854.0,3854.0,3795.0,3795.0,56700000.0,3727
2021-07-08,3854.0,3854.0,3795.0,3795.0,56700000.0,3824.0,3844.0,3717.0,3727.0,152440000.0,3776
2021-07-09,3824.0,3844.0,3717.0,3727.0,152440000.0,3795.0,3805.0,3727.0,3776.0,151280000.0,3707
2021-07-12,3795.0,3805.0,3727.0,3776.0,151280000.0,3766.0,3776.0,3688.0,3707.0,131020000.00000001,3668
2021-07-13,3766.0,3776.0,3688.0,3707.0,131020000.00000001,3707.0,3727.0,3659.0,3668.0,122720000.0,3688
2021-07-14,3707.0,3727.0,3659.0,3668.0,122720000.0,3707.0,3707.0,3668.0,3688.0,163700000.0,3620
2021-07-15,3707.0,3707.0,3668.0,3688.0,163700000.0,3688.0,3707.0,3610.0,3620.0,107820000.0,3717
2021-07-16,3688.0,3707.0,3610.0,3620.0,107820000.0,3659.0,3746.0,3639.0,3717.0,130320000.0,3746
2021-07-19,3659.0,3746.0,3639.0,3717.0,130320000.0,3756.0,3766.0,3717.0,3746.0,100950000.0,3688
2021-07-21,3756.0,3766.0,3717.0,3746.0,100950000.0,3756.0,3756.0,3688.0,3688.0,64599999.99999999,3727
2021-07-22,3756.0,3756.0,3688.0,3688.0,64599999.99999999,3756.0,3785.0,3717.0,3727.0,103440000.0,3805
2021-07-23,3756.0,3785.0,3717.0,3727.0,103440000.0,3776.0,3815.0,3746.0,3805.0,87440000.0,3776
2021-07-26,3776.0,3815.0,3746.0,3805.0,87440000.0,3844.0,3854.0,3737.0,3776.0,89420000.0,3737
2021-07-27,3844.0,3854.0,3737.0,3776.0,89420000.0,3805.0,3805.0,3727.0,3737.0,84050000.0,3707
2021-07-28,3805.0,3805.0,3727.0,3737.0,84050000.0,3766.0,3766.0,3678.0,3707.0,92940000.0,3639
2021-07-29,3766.0,3766.0,3678.0,3707.0,92940000.0,3707.0,3717.0,3629.0,3639.0,72470000.0,3678
2021-07-30,3707.0,3717.0,3629.0,3639.0,72470000.0,3668.0,3746.0,3659.0,3678.0,95810000.0,3620
2021-08-02,3668.0,3746.0,3659.0,3678.0,95810000.0,3737.0,3737.0,3620.0,3620.0,105890000.0,3649
2021-08-03,3737.0,3737.0,3620.0,3620.0,105890000.0,3678.0,3678.0,3610.0,3649.0,98590000.0,3659
2021-08-04,3678.0,3678.0,3610.0,3649.0,98590000.0,3649.0,3688.0,3629.0,3659.0,81870000.0,3756
2021-08-05,3649.0,3688.0,3629.0,3659.0,81870000.0,3698.0,3756.0,3678.0,3756.0,85590000.0,3951
2021-08-06,3698.0,3756.0,3678.0,3756.0,85590000.0,3805.0,3990.0,3805.0,3951.0,274090000.0,3834
2021-08-09,3805.0,3990.0,3805.0,3951.0,274090000.0,3951.0,3961.0,3805.0,3834.0,142060000.0,3756
2021-08-10,3951.0,3961.0,3805.0,3834.0,142060000.0,3844.0,3854.0,3727.0,3756.0,95420000.0,3727
2021-08-12,3844.0,3854.0,3727.0,3756.0,95420000.0,3795.0,3795.0,3717.0,3727.0,87920000.0,3717
2021-08-13,3795.0,3795.0,3717.0,3727.0,87920000.0,3756.0,3756.0,3707.0,3717.0,88020000.0,3776
2021-08-16,3756.0,3756.0,3707.0,3717.0,88020000.0,3727.0,3785.0,3727.0,3776.0,97680000.0,3834
2021-08-18,3727.0,3785.0,3727.0,3776.0,97680000.0,3776.0,3834.0,3746.0,3834.0,65310000.0,3971
2021-08-19,3776.0,3834.0,3746.0,3834.0,65310000.0,3893.0,3990.0,3834.0,3971.0,230480000.0,3785
2021-08-20,3893.0,3990.0,3834.0,3971.0,230480000.0,3902.0,3922.0,3766.0,3785.0,203340000.0,3834
2021-08-23,3902.0,3922.0,3766.0,3785.0,203340000.0,3785.0,3844.0,3737.0,3834.0,82310000.0,3863
2021-08-24,3785.0,3844.0,3737.0,3834.0,82310000.0,3883.0,3893.0,3834.0,3863.0,63490000.0,3795
2021-08-25,3883.0,3893.0,3834.0,3863.0,63490000.0,3854.0,3863.0,3737.0,3795.0,140590000.0,3795
2021-08-26,3854.0,3863.0,3737.0,3795.0,140590000.0,3756.0,3805.0,3756.0,3795.0,80670000.0,3776
2021-08-27,3756.0,3805.0,3756.0,3795.0,80670000.0,3795.0,3805.0,3746.0,3776.0,64430000.00000001,3746
2021-08-30,3795.0,3805.0,3746.0,3776.0,64430000.00000001,3795.0,3795.0,3737.0,3746.0,74080000.0,3844
2021-08-31,3795.0,3795.0,3737.0,3746.0,74080000.0,3756.0,3844.0,3746.0,3844.0,119780000.0,3834
2021-09-01,3756.0,3844.0,3746.0,3844.0,119780000.0,3844.0,3854.0,3776.0,3834.0,125680000.0,3795
2021-09-02,3844.0,3854.0,3776.0,3834.0,125680000.0,3834.0,3834.0,3785.0,3795.0,91030000.0,3776
2021-09-03,3834.0,3834.0,3785.0,3795.0,91030000.0,3766.0,3795.0,3746.0,3776.0,75700000.0,3834
2021-09-06,3766.0,3795.0,3746.0,3776.0,75700000.0,3756.0,3834.0,3717.0,3834.0,153800000.0,3756
2021-09-07,3756.0,3834.0,3717.0,3834.0,153800000.0,3854.0,3883.0,3756.0,3756.0,176050000.0,3815
2021-09-08,3854.0,3883.0,3756.0,3756.0,176050000.0,3795.0,3824.0,3776.0,3815.0,130810000.0,3730
2021-09-09,3795.0,3824.0,3776.0,3815.0,130810000.0,3820.0,3880.0,3720.0,3730.0,228090000.0,3730
2021-09-10,3820.0,3880.0,3720.0,3730.0,228090000.0,3700.0,3770.0,3650.0,3730.0,306320000.0,3780
2021-09-13,3700.0,3770.0,3650.0,3730.0,306320000.0,3710.0,3790.0,3670.0,3780.0,177030000.0,3700
2021-09-14,3710.0,3790.0,3670.0,3780.0,177030000.0,3710.0,3750.0,3660.0,3700.0,169820000.0,3700
2021-09-15,3710.0,3750.0,3660.0,3700.0,169820000.0,3720.0,3730.0,3660.0,3700.0,216360000.0,3660
2021-09-16,3720.0,3730.0,3660.0,3700.0,216360000.0,3670.0,3670.0,3620.0,3660.0,263540000.00000003,3640
2021-09-17,3670.0,3670.0,3620.0,3660.0,263540000.00000003,3650.0,3660.0,3610.0,3640.0,194780000.0,3610
2021-09-20,3650.0,3660.0,3610.0,3640.0,194780000.0,3630.0,3640.0,3570.0,3610.0,346530000.0,3590
2021-09-21,3630.0,3640.0,3570.0,3610.0,346530000.0,3590.0,3590.0,3510.0,3590.0,357970000.0,3570
2021-09-22,3590.0,3590.0,3510.0,3590.0,357970000.0,3510.0,3580.0,3500.0,3570.0,410530000.0,3610
2021-09-23,3510.0,3580.0,3500.0,3570.0,410530000.0,3520.0,3650.0,3520.0,3610.0,416090000.0,3770
2021-09-24,3520.0,3650.0,3520.0,3610.0,416090000.0,3600.0,3770.0,3590.0,3770.0,432390000.0,3820
2021-09-27,3600.0,3770.0,3590.0,3770.0,432390000.0,3790.0,3860.0,3770.0,3820.0,634550000.0,3750
2021-09-28,3790.0,3860.0,3770.0,3820.0,634550000.0,3770.0,3800.0,3730.0,3750.0,380150000.0,3720
2021-09-29,3770.0,3800.0,3730.0,3750.0,380150000.0,3770.0,3770.0,3690.0,3720.0,306830000.0,3740
2021-09-30,3770.0,3770.0,3690.0,3720.0,306830000.0,3720.0,3750.0,3690.0,3740.0,143080000.0,3850
2021-10-01,3720.0,3750.0,3690.0,3740.0,143080000.0,3760.0,3870.0,3750.0,3850.0,416100000.0,3900
2021-10-04,3760.0,3870.0,3750.0,3850.0,416100000.0,3850.0,3920.0,3830.0,3900.0,359860000.0,3970
2021-10-05,3850.0,3920.0,3830.0,3900.0,359860000.0,3900.0,4010.0,3890.0,3970.0,335760000.0,3930
2021-10-06,3900.0,4010.0,3890.0,3970.0,335760000.0,3950.0,3980.0,3910.0,3930.0,236560000.0,4120
2021-10-07,3950.0,3980.0,3910.0,3930.0,236560000.0,3920.0,4150.0,3920.0,4120.0,446710000.0,4120
2021-10-08,3920.0,4150.0,3920.0,4120.0,446710000.0,4150.0,4170.0,4070.0,4120.0,264899999.99999997,4160
2021-10-11,4150.0,4170.0,4070.0,4120.0,264899999.99999997,4190.0,4240.0,4130.0,4160.0,196630000.0,4180
2021-10-12,4190.0,4240.0,4130.0,4160.0,196630000.0,4160.0,4200.0,4130.0,4180.0,146720000.0,4220
2021-10-13,4160.0,4200.0,4130.0,4180.0,146720000.0,4180.0,4240.0,4180.0,4220.0,241200000.0,4280
2021-10-14,4180.0,4240.0,4180.0,4220.0,241200000.0,4230.0,4300.0,4220.0,4280.0,264630000.0,4250
2021-10-15,4230.0,4300.0,4220.0,4280.0,264630000.0,4280.0,4350.0,4230.0,4250.0,196990000.0,4320
2021-10-18,4280.0,4350.0,4230.0,4250.0,196990000.0,4250.0,4330.0,4220.0,4320.0,318190000.0,4410
2021-10-19,4250.0,4330.0,4220.0,4320.0,318190000.0,4350.0,4410.0,4340.0,4410.0,286830000.0,4400
2021-10-21,4350.0,4410.0,4340.0,4410.0,286830000.0,4450.0,4450.0,4360.0,4400.0,161260000.0,4360
2021-10-22,4450.0,4450.0,4360.0,4400.0,161260000.0,4450.0,4460.0,4320.0,4360.0,319230000.0,4400
2021-10-25,4450.0,4460.0,4320.0,4360.0,319230000.0,4340.0,4400.0,4320.0,4400.0,160460000.0,4300
2021-10-26,4340.0,4400.0,4320.0,4400.0,160460000.0,4330.0,4370.0,4300.0,4300.0,128240000.00000001,4350
2021-10-27,4330.0,4370.0,4300.0,4300.0,128240000.00000001,4280.0,4370.0,4270.0,4350.0,108780000.0,4290
2021-10-28,4280.0,4370.0,4270.0,4350.0,108780000.0,4330.0,4340.0,4260.0,4290.0,258040000.00000003,4240
2021-10-29,4330.0,4340.0,4260.0,4290.0,258040000.00000003,4210.0,4300.0,4200.0,4240.0,159640000.0,4250
2021-11-01,4210.0,4300.0,4200.0,4240.0,159640000.0,4300.0,4300.0,4220.0,4250.0,155010000.0,4230
2021-11-02,4300.0,4300.0,4220.0,4250.0,155010000.0,4330.0,4330.0,4220.0,4230.0,102080000.0,4210
2021-11-03,4330.0,4330.0,4220.0,4230.0,102080000.0,4270.0,4270.0,4210.0,4210.0,124800000.0,4290
2021-11-04,4270.0,4270.0,4210.0,4210.0,124800000.0,4250.0,4300.0,4210.0,4290.0,100490000.0,4250
2021-11-05,4250.0,4300.0,4210.0,4290.0,100490000.0,4330.0,4340.0,4250.0,4250.0,119590000.0,4240
2021-11-08,4330.0,4340.0,4250.0,4250.0,119590000.0,4270.0,4270.0,4210.0,4240.0,74350000.0,4230
2021-11-09,4270.0,4270.0,4210.0,4240.0,74350000.0,4250.0,4260.0,4220.0,4230.0,79470000.0,4250
2021-11-10,4250.0,4260.0,4220.0,4230.0,79470000.0,4230.0,4250.0,4220.0,4250.0,92450000.0,4250
2021-11-11,4230.0,4250.0,4220.0,4250.0,92450000.0,4230.0,4260.0,4210.0,4250.0,69480000.0,4250
2021-11-12,4230.0,4260.0,4210.0,4250.0,69480000.0,4290.0,4300.0,4230.0,4250.0,149640000.0,4220
2021-11-15,4290.0,4300.0,4230.0,4250.0,149640000.0,4270.0,4290.0,4210.0,4220.0,80230000.0,4160
2021-11-16,4270.0,4290.0,4210.0,4220.0,80230000.0,4220.0,4220.0,4140.0,4160.0,220140000.0,4130
2021-11-17,4220.0,4220.0,4140.0,4160.0,220140000.0,4120.0,4170.0,4120.0,4130.0,163560000.0,4200
2021-11-18,4120.0,4170.0,4120.0,4130.0,163560000.0,4170.0,4200.0,4160.0,4200.0,126520000.0,4180
2021-11-19,4170.0,4200.0,4160.0,4200.0,126520000.0,4150.0,4190.0,4140.0,4180.0,114880000.0,4280
2021-11-22,4150.0,4190.0,4140.0,4180.0,114880000.0,4220.0,4290.0,4220.0,4280.0,182170000.0,4280
2021-11-23,4220.0,4290.0,4220.0,4280.0,182170000.0,4310.0,4310.0,4250.0,4280.0,151510000.0,4210
2021-11-24,4310.0,4310.0,4250.0,4280.0,151510000.0,4280.0,4280.0,4200.0,4210.0,104290000.0,4210
2021-11-25,4280.0,4280.0,4200.0,4210.0,104290000.0,4200.0,4230.0,4190.0,4210.0,111070000.0,4220
2021-11-26,4200.0,4230.0,4190.0,4210.0,111070000.0,4180.0,4250.0,4180.0,4220.0,123610000.0,4160
2021-11-29,4180.0,4250.0,4180.0,4220.0,123610000.0,4190.0,4220.0,4150.0,4160.0,148650000.0,4170
2021-11-30,4190.0,4220.0,4150.0,4160.0,148650000.0,4150.0,4190.0,4080.0,4170.0,164310000.0,4090
2021-12-01,4150.0,4190.0,4080.0,4170.0,164310000.0,4150.0,4220.0,4090.0,4090.0,316650000.0,4080
2021-12-02,4150.0,4220.0,4090.0,4090.0,316650000.0,4090.0,4180.0,4070.0,4080.0,163460000.0,4200
2021-12-03,4090.0,4180.0,4070.0,4080.0,163460000.0,4060.0,4220.0,4060.0,4200.0,139280000.0,4170
2021-12-06,4060.0,4220.0,4060.0,4200.0,139280000.0,4210.0,4220.0,4170.0,4170.0,93230000.0,4110
2021-12-07,4210.0,4220.0,4170.0,4170.0,93230000.0,4200.0,4220.0,4110.0,4110.0,106610000.0,4230
2021-12-08,4200.0,4220.0,4110.0,4110.0,106610000.0,4190.0,4230.0,4160.0,4230.0,182050000.0,4210
2021-12-09,4190.0,4230.0,4160.0,4230.0,182050000.0,4250.0,4250.0,4170.0,4210.0,143230000.0,4190
2021-12-10,4250.0,4250.0,4170.0,4210.0,143230000.0,4220.0,4220.0,4160.0,4190.0,90470000.0,4130
2021-12-13,4220.0,4220.0,4160.0,4190.0,90470000.0,4130.0,4160.0,4130.0,4130.0,123000000.0,4160
2021-12-14,4130.0,4160.0,4130.0,4130.0,123000000.0,4170.0,4200.0,4160.0,4160.0,86850000.0,4130
2021-12-15,4170.0,4200.0,4160.0,4160.0,86850000.0,4150.0,4160.0,4130.0,4130.0,100110000.0,4200
2021-12-16,4150.0,4160.0,4130.0,4130.0,100110000.0,4150.0,4230.0,4140.0,4200.0,124520000.0,4140
2021-12-17,4150.0,4230.0,4140.0,4200.0,124520000.0,4220.0,4220.0,4120.0,4140.0,136650000.0,4110
2021-12-20,4220.0,4220.0,4120.0,4140.0,136650000.0,4090.0,4140.0,4090.0,4110.0,153160000.0,4120
2021-12-21,4090.0,4140.0,4090.0,4110.0,153160000.0,4070.0,4130.0,4060.0,4120.0,89200000.0,4080
2021-12-22,4070.0,4130.0,4060.0,4120.0,89200000.0,4100.0,4120.0,4080.0,4080.0,109560000.0,4050
2021-12-23,4100.0,4120.0,4080.0,4080.0,109560000.0,4100.0,4110.0,4050.0,4050.0,104740000.0,4100
2021-12-24,4100.0,4110.0,4050.0,4050.0,104740000.0,4090.0,4110.0,4060.0,4100.0,72740000.0,4070
2021-12-27,4090.0,4110.0,4060.0,4100.0,72740000.0,4100.0,4120.0,4050.0,4070.0,59800000.0,4060
2021-12-28,4100.0,4120.0,4050.0,4070.0,59800000.0,4070.0,4110.0,4060.0,4060.0,65489999.99999999,4090
2021-12-29,4070.0,4110.0,4060.0,4060.0,65489999.99999999,4090.0,4110.0,4070.0,4090.0,52950000.0,4080
2021-12-30,4090.0,4110.0,4070.0,4090.0,52950000.0,4090.0,4100.0,4070.0,4080.0,27680000.0,4110
2022-01-03,4090.0,4100.0,4070.0,4080.0,27680000.0,4080.0,4140.0,4060.0,4110.0,146990000.0,4180
2022-01-04,4080.0,4140.0,4060.0,4110.0,146990000.0,4120.0,4190.0,4090.0,4180.0,90840000.0,4160
2022-01-05,4120.0,4190.0,4090.0,4180.0,90840000.0,4200.0,4210.0,4160.0,4160.0,93950000.0,4210
2022-01-06,4200.0,4210.0,4160.0,4160.0,93950000.0,4180.0,4230.0,4130.0,4210.0,174380000.0,4160
2022-01-07,4180.0,4230.0,4130.0,4210.0,174380000.0,4240.0,4240.0,4140.0,4160.0,137280000.0,4190
2022-01-10,4240.0,4240.0,4140.0,4160.0,137280000.0,4170.0,4200.0,4150.0,4190.0,101280000.0,4180
2022-01-11,4170.0,4200.0,4150.0,4190.0,101280000.0,4190.0,4210.0,4180.0,4180.0,70720000.0,4150
2022-01-12,4190.0,4210.0,4180.0,4180.0,70720000.0,4180.0,4180.0,4130.0,4150.0,99410000.0,4160
2022-01-13,4180.0,4180.0,4130.0,4150.0,99410000.0,4170.0,4180.0,4130.0,4160.0,65910000.0,4190
2022-01-14,4170.0,4180.0,4130.0,4160.0,65910000.0,4180.0,4190.0,4170.0,4190.0,103520000.0,4180
2022-01-17,4180.0,4190.0,4170.0,4190.0,103520000.0,4190.0,4210.0,4160.0,4180.0,110210000.0,4210
2022-01-18,4190.0,4210.0,4160.0,4180.0,110210000.0,4200.0,4210.0,4180.0,4210.0,102960000.0,4190
2022-01-19,4200.0,4210.0,4180.0,4210.0,102960000.0,4240.0,4240.0,4140.0,4190.0,120280000.0,4130
2022-01-20,4240.0,4240.0,4140.0,4190.0,120280000.0,4210.0,4210.0,4130.0,4130.0,109960000.0,4130
2022-01-21,4210.0,4210.0,4130.0,4130.0,109960000.0,4130.0,4160.0,4110.0,4130.0,86400000.0,4170
2022-01-24,4130.0,4160.0,4110.0,4130.0,86400000.0,4130.0,4170.0,4110.0,4170.0,84970000.0,4120
2022-01-25,4130.0,4170.0,4110.0,4170.0,84970000.0,4140.0,4160.0,4100.0,4120.0,76710000.0,4070
2022-01-26,4140.0,4160.0,4100.0,4120.0,76710000.0,4100.0,4110.0,4000.0,4070.0,185010000.0,4090
2022-01-27,4100.0,4110.0,4000.0,4070.0,185010000.0,4030.0,4100.0,4030.0,4090.0,97590000.0,4140
2022-01-28,4030.0,4100.0,4030.0,4090.0,97590000.0,4070.0,4140.0,4060.0,4140.0,80680000.0,4140
2022-01-31,4070.0,4140.0,4060.0,4140.0,80680000.0,4170.0,4170.0,4090.0,4140.0,84810000.0,4070
2022-02-02,4170.0,4170.0,4090.0,4140.0,84810000.0,4170.0,4170.0,4070.0,4070.0,78500000.0,4070
2022-02-03,4170.0,4170.0,4070.0,4070.0,78500000.0,4120.0,4120.0,4060.0,4070.0,81550000.0,4130
2022-02-04,4120.0,4120.0,4060.0,4070.0,81550000.0,4180.0,4180.0,4130.0,4130.0,157900000.0,4210
2022-02-07,4180.0,4180.0,4130.0,4130.0,157900000.0,4170.0,4210.0,4150.0,4210.0,236600000.0,4400
2022-02-08,4170.0,4210.0,4150.0,4210.0,236600000.0,4240.0,4410.0,4220.0,4400.0,468020000.0,4440
2022-02-09,4240.0,4410.0,4220.0,4400.0,468020000.0,4450.0,4550.0,4400.0,4440.0,310880000.0,4450
2022-02-10,4450.0,4550.0,4400.0,4440.0,310880000.0,4400.0,4500.0,4380.0,4450.0,149000000.0,4470
2022-02-11,4400.0,4500.0,4380.0,4450.0,149000000.0,4500.0,4500.0,4450.0,4470.0,112520000.0,4450
2022-02-14,4500.0,4500.0,4450.0,4470.0,112520000.0,4420.0,4450.0,4380.0,4450.0,103420000.0,4410
2022-02-15,4420.0,4450.0,4380.0,4450.0,103420000.0,4450.0,4450.0,4380.0,4410.0,105260000.0,4430
2022-02-16,4450.0,4450.0,4380.0,4410.0,105260000.0,4440.0,4450.0,4390.0,4430.0,96660000.0,4420
2022-02-17,4440.0,4450.0,4390.0,4430.0,96660000.0,4470.0,4470.0,4410.0,4420.0,89640000.0,4400
2022-02-18,4470.0,4470.0,4410.0,4420.0,89640000.0,4390.0,4410.0,4340.0,4400.0,118310000.0,4430
2022-02-21,4390.0,4410.0,4340.0,4400.0,118310000.0,4400.0,4440.0,4370.0,4430.0,127060000.0,4490
2022-02-22,4400.0,4440.0,4370.0,4430.0,127060000.0,4460.0,4490.0,4440.0,4490.0,133720000.0,4430
2022-02-23,4460.0,4490.0,4440.0,4490.0,133720000.0,4440.0,4470.0,4420.0,4430.0,109060000.0,4480
2022-02-24,4440.0,4470.0,4420.0,4430.0,109060000.0,4520.0,4520.0,4460.0,4480.0,160830000.0,4390
2022-02-25,4520.0,4520.0,4460.0,4480.0,160830000.0,4470.0,4470.0,4370.0,4390.0,217520000.0,4550
2022-03-01,4470.0,4470.0,4370.0,4390.0,217520000.0,4450.0,4550.0,4410.0,4550.0,301350000.0,4630
2022-03-02,4450.0,4550.0,4410.0,4550.0,301350000.0,4850.0,4860.0,4630.0,4630.0,494660000.0,4560
2022-03-04,4850.0,4860.0,4630.0,4630.0,494660000.0,4680.0,4690.0,4550.0,4560.0,186640000.0,4670
2022-03-07,4680.0,4690.0,4550.0,4560.0,186640000.0,4720.0,4730.0,4610.0,4670.0,292020000.0,4520
2022-03-08,4720.0,4730.0,4610.0,4670.0,292020000.0,4580.0,4630.0,4520.0,4520.0,224520000.0,4430
2022-03-09,4580.0,4630.0,4520.0,4520.0,224520000.0,4500.0,4560.0,4430.0,4430.0,214870000.0,4570
2022-03-10,4500.0,4560.0,4430.0,4430.0,214870000.0,4530.0,4590.0,4500.0,4570.0,191970000.0,4570
2022-03-11,4530.0,4590.0,4500.0,4570.0,191970000.0,4640.0,4640.0,4510.0,4570.0,225580000.0,4400
2022-03-14,4640.0,4640.0,4510.0,4570.0,225580000.0,4400.0,4440.0,4370.0,4400.0,275960000.0,4520
2022-03-15,4400.0,4440.0,4370.0,4400.0,275960000.0,4440.0,4540.0,4410.0,4520.0,212050000.0,4610
2022-03-16,4440.0,4540.0,4410.0,4520.0,212050000.0,4550.0,4640.0,4530.0,4610.0,357760000.0,4650
2022-03-17,4550.0,4640.0,4530.0,4610.0,357760000.0,4650.0,4660.0,4610.0,4650.0,226820000.0,4650
2022-03-18,4650.0,4660.0,4610.0,4650.0,226820000.0,4690.0,4700.0,4610.0,4650.0,224070000.0,4580
2022-03-21,4690.0,4700.0,4610.0,4650.0,224070000.0,4700.0,4700.0,4580.0,4580.0,257860000.0,4590
2022-03-22,4700.0,4700.0,4580.0,4580.0,257860000.0,4600.0,4630.0,4560.0,4590.0,118790000.0,4640
2022-03-23,4600.0,4630.0,4560.0,4590.0,118790000.0,4690.0,4710.0,4640.0,4640.0,177760000.0,4650
2022-03-24,4690.0,4710.0,4640.0,4640.0,177760000.0,4680.0,4690.0,4620.0,4650.0,146540000.0,4730
2022-03-25,4680.0,4690.0,4620.0,4650.0,146540000.0,4640.0,4730.0,4620.0,4730.0,206270000.0,4710
2022-03-28,4640.0,4730.0,4620.0,4730.0,206270000.0,4760.0,4760.0,4650.0,4710.0,137100000.0,4730
2022-03-29,4760.0,4760.0,4650.0,4710.0,137100000.0,4730.0,4740.0,4670.0,4730.0,106800000.0,4690
2022-03-30,4730.0,4740.0,4670.0,4730.0,106800000.0,4750.0,4750.0,4670.0,4690.0,93160000.0,4710
2022-03-31,4750.0,4750.0,4670.0,4690.0,93160000.0,4740.0,4740.0,4690.0,4710.0,83360000.0,4660
2022-04-01,4740.0,4740.0,4690.0,4710.0,83360000.0,4700.0,4750.0,4660.0,4660.0,158650000.0,4730
2022-04-04,4700.0,4750.0,4660.0,4660.0,158650000.0,4690.0,4730.0,4630.0,4730.0,145100000.0,4700
2022-04-05,4690.0,4730.0,4630.0,4730.0,145100000.0,4730.0,4730.0,4660.0,4700.0,103900000.0,4700
2022-04-06,4730.0,4730.0,4660.0,4700.0,103900000.0,4730.0,4740.0,4670.0,4700.0,76150000.0,4600
2022-04-07,4730.0,4740.0,4670.0,4700.0,76150000.0,4690.0,4690.0,4600.0,4600.0,111010000.0,4630
2022-04-08,4690.0,4690.0,4600.0,4600.0,111010000.0,4670.0,4670.0,4620.0,4630.0,91940000.0,4610
2022-04-11,4670.0,4670.0,4620.0,4630.0,91940000.0,4630.0,4650.0,4600.0,4610.0,125660000.0,4570
2022-04-12,4630.0,4650.0,4600.0,4610.0,125660000.0,4600.0,4620.0,4570.0,4570.0,109860000.0,4610
2022-04-13,4600.0,4620.0,4570.0,4570.0,109860000.0,4550.0,4610.0,4550.0,4610.0,96960000.0,4610
2022-04-14,4550.0,4610.0,4550.0,4610.0,96960000.0,4640.0,4640.0,4590.0,4610.0,112330000.0,4540
2022-04-18,4640.0,4640.0,4590.0,4610.0,112330000.0,4600.0,4610.0,4530.0,4540.0,150660000.0,4550
2022-04-19,4600.0,4610.0,4530.0,4540.0,150660000.0,4550.0,4580.0,4540.0,4550.0,82800000.0,4570
2022-04-20,4550.0,4580.0,4540.0,4550.0,82800000.0,4550.0,4600.0,4540.0,4570.0,148480000.0,4850
2022-04-21,4550.0,4600.0,4540.0,4570.0,148480000.0,4610.0,4870.0,4600.0,4850.0,404380000.0,4800
2022-04-22,4610.0,4870.0,4600.0,4850.0,404380000.0,4850.0,4850.0,4760.0,4800.0,208250000.0,4750
2022-04-25,4850.0,4850.0,4760.0,4800.0,208250000.0,4750.0,4850.0,4720.0,4750.0,174350000.0,4840
2022-04-26,4750.0,4850.0,4720.0,4750.0,174350000.0,4700.0,4850.0,4670.0,4840.0,235750000.0,4940
2022-04-27,4700.0,4850.0,4670.0,4840.0,235750000.0,4840.0,4980.0,4830.0,4940.0,262730000.00000003,4850
2022-04-28,4840.0,4980.0,4830.0,4940.0,262730000.00000003,4900.0,4930.0,4850.0,4850.0,191960000.0,4870
2022-05-09,4900.0,4930.0,4850.0,4850.0,191960000.0,4870.0,4930.0,4860.0,4870.0,193820000.0,4530
2022-05-10,4870.0,4930.0,4860.0,4870.0,193820000.0,4750.0,4760.0,4530.0,4530.0,561600000.0,4530
2022-05-11,4750.0,4760.0,4530.0,4530.0,561600000.0,4260.0,4530.0,4260.0,4530.0,435780000.0,4490
2022-05-12,4260.0,4530.0,4260.0,4530.0,435780000.0,4550.0,4580.0,4480.0,4490.0,205230000.0,4320
2022-05-13,4550.0,4580.0,4480.0,4490.0,205230000.0,4490.0,4490.0,4300.0,4320.0,207370000.0,4250
2022-05-17,4490.0,4490.0,4300.0,4320.0,207370000.0,4250.0,4360.0,4250.0,4250.0,336710000.0,4450
2022-05-18,4250.0,4360.0,4250.0,4250.0,336710000.0,4270.0,4520.0,4270.0,4450.0,272650000.0,4450
2022-05-19,4270.0,4520.0,4270.0,4450.0,272650000.0,4500.0,4530.0,4430.0,4450.0,129720000.0,4440
2022-05-20,4500.0,4530.0,4430.0,4450.0,129720000.0,4350.0,4460.0,4300.0,4440.0,132610000.00000001,4430
2022-05-23,4350.0,4460.0,4300.0,4440.0,132610000.00000001,4440.0,4490.0,4410.0,4430.0,122100000.0,4330
2022-05-24,4440.0,4490.0,4410.0,4430.0,122100000.0,4410.0,4440.0,4320.0,4330.0,175710000.0,4460
2022-05-25,4410.0,4440.0,4320.0,4330.0,175710000.0,4320.0,4500.0,4320.0,4460.0,165760000.0,4350
2022-05-27,4320.0,4500.0,4320.0,4460.0,165760000.0,4430.0,4450.0,4350.0,4350.0,138960000.0,4540
2022-05-30,4430.0,4450.0,4350.0,4350.0,138960000.0,4500.0,4540.0,4440.0,4540.0,209960000.0,4430
2022-05-31,4500.0,4540.0,4440.0,4540.0,209960000.0,4540.0,4540.0,4390.0,4430.0,193720000.0,4630
2022-06-02,4540.0,4540.0,4390.0,4430.0,193720000.0,4470.0,4630.0,4450.0,4630.0,379630000.0,4480
2022-06-03,4470.0,4630.0,4450.0,4630.0,379630000.0,4540.0,4600.0,4480.0,4480.0,225700000.0,4520
2022-06-06,4540.0,4600.0,4480.0,4480.0,225700000.0,4530.0,4570.0,4510.0,4520.0,117640000.0,4430
2022-06-07,4530.0,4570.0,4510.0,4520.0,117640000.0,4470.0,4510.0,4400.0,4430.0,157280000.0,4400
2022-06-08,4470.0,4510.0,4400.0,4430.0,157280000.0,4460.0,4460.0,4400.0,4400.0,133320000.0,4470
2022-06-09,4460.0,4460.0,4400.0,4400.0,133320000.0,4400.0,4470.0,4380.0,4470.0,150600000.0,4490
2022-06-10,4400.0,4470.0,4380.0,4470.0,150600000.0,4500.0,4520.0,4480.0,4490.0,161770000.0,4400
2022-06-13,4500.0,4520.0,4480.0,4490.0,161770000.0,4470.0,4470.0,4360.0,4400.0,222410000.0,4340
2022-06-14,4470.0,4470.0,4360.0,4400.0,222410000.0,4260.0,4350.0,4260.0,4340.0,164020000.0,4360
2022-06-15,4260.0,4350.0,4260.0,4340.0,164020000.0,4300.0,4410.0,4300.0,4360.0,150380000.0,4450
2022-06-16,4300.0,4410.0,4300.0,4360.0,150380000.0,4360.0,4450.0,4360.0,4450.0,160730000.0,4430
2022-06-17,4360.0,4450.0,4360.0,4450.0,160730000.0,4420.0,4530.0,4410.0,4430.0,240020000.0,4370
2022-06-20,4420.0,4530.0,4410.0,4430.0,240020000.0,4370.0,4400.0,4350.0,4370.0,185760000.0,4400
2022-06-21,4370.0,4400.0,4350.0,4370.0,185760000.0,4400.0,4410.0,4340.0,4400.0,95060000.0,4380
2022-06-22,4400.0,4410.0,4340.0,4400.0,95060000.0,4430.0,4430.0,4380.0,4380.0,103960000.0,4320
2022-06-23,4430.0,4430.0,4380.0,4380.0,103960000.0,4410.0,4410.0,4310.0,4320.0,106210000.0,4310
2022-06-24,4410.0,4410.0,4310.0,4320.0,106210000.0,4300.0,4360.0,4300.0,4310.0,127600000.0,4340
2022-06-27,4300.0,4360.0,4300.0,4310.0,127600000.0,4320.0,4350.0,4310.0,4340.0,66080000.0,4280
2022-06-28,4320.0,4350.0,4310.0,4340.0,66080000.0,4310.0,4330.0,4270.0,4280.0,152450000.0,4300
2022-06-29,4310.0,4330.0,4270.0,4280.0,152450000.0,4320.0,4330.0,4280.0,4300.0,161050000.0,4180
2022-06-30,4320.0,4330.0,4280.0,4300.0,161050000.0,4280.0,4310.0,4180.0,4180.0,199250000.0,4150
2022-07-01,4280.0,4310.0,4180.0,4180.0,199250000.0,4120.0,4220.0,4120.0,4150.0,239940000.0,4140
2022-07-04,4120.0,4220.0,4120.0,4150.0,239940000.0,4150.0,4200.0,4110.0,4140.0,154660000.0,4040
2022-07-05,4150.0,4200.0,4110.0,4140.0,154660000.0,4090.0,4120.0,3960.0,4040.0,246850000.0,4090
2022-07-06,4090.0,4120.0,3960.0,4040.0,246850000.0,4040.0,4160.0,4040.0,4090.0,180650000.0,4080
2022-07-07,4040.0,4160.0,4040.0,4090.0,180650000.0,4050.0,4100.0,4020.0,4080.0,125310000.0,4050
2022-07-08,4050.0,4100.0,4020.0,4080.0,125310000.0,4040.0,4110.0,4040.0,4050.0,172130000.0,4200
2022-07-11,4040.0,4110.0,4040.0,4050.0,172130000.0,4090.0,4200.0,4050.0,4200.0,112910000.0,4120
2022-07-12,4090.0,4200.0,4050.0,4200.0,112910000.0,4150.0,4170.0,4100.0,4120.0,80870000.0,4110
2022-07-13,4150.0,4170.0,4100.0,4120.0,80870000.0,4120.0,4140.0,4100.0,4110.0,56090000.0,4060
2022-07-14,4120.0,4140.0,4100.0,4110.0,56090000.0,4110.0,4130.0,4030.0,4060.0,165750000.0,4070
2022-07-15,4110.0,4130.0,4030.0,4060.0,165750000.0,4010.0,4090.0,4010.0,4070.0,188730000.0,4110
2022-07-18,4010.0,4090.0,4010.0,4070.0,188730000.0,4060.0,4120.0,4050.0,4110.0,91360000.0,4140
2022-07-19,4060.0,4120.0,4050.0,4110.0,91360000.0,4110.0,4140.0,4080.0,4140.0,135280000.0,4110
2022-07-20,4110.0,4140.0,4080.0,4140.0,135280000.0,4150.0,4150.0,4110.0,4110.0,122910000.0,4300
2022-07-21,4150.0,4150.0,4110.0,4110.0,122910000.0,4180.0,4300.0,4160.0,4300.0,220220000.0,4310
2022-07-22,4180.0,4300.0,4160.0,4300.0,220220000.0,4300.0,4310.0,4230.0,4310.0,130410000.0,4270
2022-07-25,4300.0,4310.0,4230.0,4310.0,130410000.0,4330.0,4330.0,4270.0,4270.0,86560000.0,4250
2022-07-26,4330.0,4330.0,4270.0,4270.0,86560000.0,4250.0,4300.0,4250.0,4250.0,60950000.0,4330
2022-07-27,4250.0,4300.0,4250.0,4250.0,60950000.0,4270.0,4350.0,4260.0,4330.0,97710000.0,4320
2022-07-28,4270.0,4350.0,4260.0,4330.0,97710000.0,4380.0,4380.0,4300.0,4320.0,88570000.0,4360
2022-07-29,4380.0,4380.0,4300.0,4320.0,88570000.0,4340.0,4400.0,4340.0,4360.0,136420000.0,4360
2022-08-01,4340.0,4400.0,4340.0,4360.0,136420000.0,4390.0,4430.0,4340.0,4360.0,228670000.0,4360
2022-08-02,4390.0,4430.0,4340.0,4360.0,228670000.0,4390.0,4410.0,4330.0,4360.0,200790000.0,4400
2022-08-03,4390.0,4410.0,4330.0,4360.0,200790000.0,4360.0,4400.0,4300.0,4400.0,173930000.0,4380
2022-08-04,4360.0,4400.0,4300.0,4400.0,173930000.0,4410.0,4420.0,4350.0,4380.0,103430000.0,4360
2022-08-05,4410.0,4420.0,4350.0,4380.0,103430000.0,4380.0,4390.0,4350.0,4360.0,96960000.0,4360
2022-08-08,4380.0,4390.0,4350.0,4360.0,96960000.0,4360.0,4400.0,4320.0,4360.0,168880000.0,4370
2022-08-09,4360.0,4400.0,4320.0,4360.0,168880000.0,4360.0,4400.0,4340.0,4370.0,107240000.0,4410
2022-08-10,4360.0,4400.0,4340.0,4370.0,107240000.0,4400.0,4470.0,4390.0,4410.0,181750000.0,4310
2022-08-11,4400.0,4470.0,4390.0,4410.0,181750000.0,4350.0,4370.0,4300.0,4310.0,205340000.0,4350
2022-08-12,4350.0,4370.0,4300.0,4310.0,205340000.0,4380.0,4410.0,4340.0,4350.0,193330000.0,4320
2022-08-15,4380.0,4410.0,4340.0,4350.0,193330000.0,4340.0,4350.0,4320.0,4320.0,104330000.0,4300
2022-08-16,4340.0,4350.0,4320.0,4320.0,104330000.0,4330.0,4350.0,4300.0,4300.0,135100000.0,4280
2022-08-18,4330.0,4350.0,4300.0,4300.0,135100000.0,4350.0,4350.0,4270.0,4280.0,205430000.0,4330
2022-08-19,4350.0,4350.0,4270.0,4280.0,205430000.0,4330.0,4340.0,4310.0,4330.0,138800000.0,4300
2022-08-22,4330.0,4340.0,4310.0,4330.0,138800000.0,4340.0,4340.0,4300.0,4300.0,84550000.0,4270
2022-08-23,4340.0,4340.0,4300.0,4300.0,84550000.0,4320.0,4330.0,4270.0,4270.0,121120000.0,4300
2022-08-24,4320.0,4330.0,4270.0,4270.0,121120000.0,4260.0,4310.0,4260.0,4300.0,107800000.0,4290
2022-08-25,4260.0,4310.0,4260.0,4300.0,107800000.0,4300.0,4330.0,4280.0,4290.0,75060000.0,4270
2022-08-26,4300.0,4330.0,4280.0,4290.0,75060000.0,4280.0,4300.0,4270.0,4270.0,117650000.0,4270
2022-08-29,4280.0,4300.0,4270.0,4270.0,117650000.0,4280.0,4290.0,4270.0,4270.0,87380000.0,4250
2022-08-30,4280.0,4290.0,4270.0,4270.0,87380000.0,4250.0,4270.0,4220.0,4250.0,105720000.0,4260
2022-08-31,4250.0,4270.0,4220.0,4250.0,105720000.0,4250.0,4300.0,4250.0,4260.0,136630000.0,4340
2022-09-01,4250.0,4300.0,4250.0,4260.0,136630000.0,4250.0,4350.0,4240.0,4340.0,191480000.0,4390
2022-09-02,4250.0,4350.0,4240.0,4340.0,191480000.0,4320.0,4390.0,4310.0,4390.0,140000000.0,4450
2022-09-05,4320.0,4390.0,4310.0,4390.0,140000000.0,4410.0,4450.0,4380.0,4450.0,189110000.0,4590
2022-09-06,4410.0,4450.0,4380.0,4450.0,189110000.0,4430.0,4600.0,4420.0,4590.0,261130000.0,4560
2022-09-07,4430.0,4600.0,4420.0,4590.0,261130000.0,4670.0,4690.0,4550.0,4560.0,188120000.0,4460
2022-09-08,4670.0,4690.0,4550.0,4560.0,188120000.0,4510.0,4550.0,4460.0,4460.0,212070000.0,4600
2022-09-09,4510.0,4550.0,4460.0,4460.0,212070000.0,4480.0,4620.0,4480.0,4600.0,250370000.0,4610
2022-09-12,4480.0,4620.0,4480.0,4600.0,250370000.0,4640.0,4640.0,4570.0,4610.0,119290000.0,4560
2022-09-13,4640.0,4640.0,4570.0,4610.0,119290000.0,4610.0,4630.0,4560.0,4560.0,97990000.0,4580
2022-09-14,4610.0,4630.0,4560.0,4560.0,97990000.0,4560.0,4640.0,4560.0,4580.0,141830000.0,4580
2022-09-15,4560.0,4640.0,4560.0,4580.0,141830000.0,4520.0,4610.0,4510.0,4580.0,149960000.0,4610
2022-09-16,4520.0,4610.0,4510.0,4580.0,149960000.0,4600.0,4700.0,4590.0,4610.0,295660000.0,4500
2022-09-19,4600.0,4700.0,4590.0,4610.0,295660000.0,4610.0,4620.0,4500.0,4500.0,282490000.0,4570
2022-09-20,4610.0,4620.0,4500.0,4500.0,282490000.0,4520.0,4600.0,4500.0,4570.0,134430000.0,4490
2022-09-21,4520.0,4600.0,4500.0,4570.0,134430000.0,4570.0,4600.0,4490.0,4490.0,138700000.0,4550
2022-09-22,4570.0,4600.0,4490.0,4490.0,138700000.0,4490.0,4550.0,4470.0,4550.0,159980000.0,4560
2022-09-23,4490.0,4550.0,4470.0,4550.0,159980000.0,4500.0,4580.0,4500.0,4560.0,100430000.0,4480
2022-09-26,4500.0,4580.0,4500.0,4560.0,100430000.0,4540.0,4560.0,4480.0,4480.0,139070000.0,4540
2022-09-27,4540.0,4560.0,4480.0,4480.0,139070000.0,4480.0,4540.0,4410.0,4540.0,280750000.0,4530
2022-09-28,4480.0,4540.0,4410.0,4540.0,280750000.0,4500.0,4550.0,4480.0,4530.0,213700000.0,4520
2022-09-29,4500.0,4550.0,4480.0,4530.0,213700000.0,4510.0,4560.0,4480.0,4520.0,161820000.0,4480
2022-09-30,4510.0,4560.0,4480.0,4520.0,161820000.0,4520.0,4540.0,4460.0,4480.0,169370000.0,4490
2022-10-03,4520.0,4540.0,4460.0,4480.0,169370000.0,4450.0,4510.0,4410.0,4490.0,224230000.0,4530
2022-10-04,4450.0,4510.0,4410.0,4490.0,224230000.0,4500.0,4550.0,4480.0,4530.0,159560000.0,4640
2022-10-05,4500.0,4550.0,4480.0,4530.0,159560000.0,4560.0,4650.0,4560.0,4640.0,256370000.0,4540
2022-10-06,4560.0,4650.0,4560.0,4640.0,256370000.0,4660.0,4660.0,4540.0,4540.0,182250000.0,4510
2022-10-07,4660.0,4660.0,4540.0,4540.0,182250000.0,4540.0,4570.0,4510.0,4510.0,123350000.0,4440
2022-10-10,4540.0,4570.0,4510.0,4510.0,123350000.0,4480.0,4490.0,4430.0,4440.0,133680000.0,4370
2022-10-11,4480.0,4490.0,4430.0,4440.0,133680000.0,4420.0,4430.0,4340.0,4370.0,193920000.0,4430
2022-10-12,4420.0,4430.0,4340.0,4370.0,193920000.0,4390.0,4430.0,4370.0,4430.0,133740000.00000001,4400
2022-10-13,4390.0,4430.0,4370.0,4430.0,133740000.00000001,4470.0,4470.0,4400.0,4400.0,128750000.0,4350
2022-10-14,4470.0,4470.0,4400.0,4400.0,128750000.0,4390.0,4420.0,4350.0,4350.0,104270000.0,4270
2022-10-17,4390.0,4420.0,4350.0,4350.0,104270000.0,4380.0,4390.0,4270.0,4270.0,182100000.0,4300
2022-10-18,4380.0,4390.0,4270.0,4270.0,182100000.0,4270.0,4320.0,4260.0,4300.0,145510000.0,4290
2022-10-19,4270.0,4320.0,4260.0,4300.0,145510000.0,4280.0,4340.0,4280.0,4290.0,161440000.0,4300
2022-10-20,4280.0,4340.0,4280.0,4290.0,161440000.0,4280.0,4340.0,4280.0,4300.0,81680000.0,4390
2022-10-21,4280.0,4340.0,4280.0,4300.0,81680000.0,4280.0,4400.0,4280.0,4390.0,149520000.0,4430
2022-10-24,4280.0,4400.0,4280.0,4390.0,149520000.0,4360.0,4460.0,4360.0,4430.0,165050000.0,4500
2022-10-25,4360.0,4460.0,4360.0,4430.0,165050000.0,4430.0,4540.0,4430.0,4500.0,187000000.0,4590
2022-10-26,4430.0,4540.0,4430.0,4500.0,187000000.0,4560.0,4610.0,4550.0,4590.0,237860000.0,4530
2022-10-27,4560.0,4610.0,4550.0,4590.0,237860000.0,4600.0,4610.0,4500.0,4530.0,164990000.0,4600
2022-10-28,4600.0,4610.0,4500.0,4530.0,164990000.0,4550.0,4600.0,4530.0,4600.0,131410000.0,4630
2022-10-31,4550.0,4600.0,4530.0,4600.0,131410000.0,4600.0,4630.0,4560.0,4630.0,189530000.0,4650
2022-11-01,4600.0,4630.0,4560.0,4630.0,189530000.0,4630.0,4680.0,4630.0,4650.0,227970000.0,4660
2022-11-02,4630.0,4680.0,4630.0,4650.0,227970000.0,4690.0,4700.0,4630.0,4660.0,214440000.0,4610
2022-11-03,4690.0,4700.0,4630.0,4660.0,214440000.0,4680.0,4680.0,4570.0,4610.0,145300000.0,4650
2022-11-04,4680.0,4680.0,4570.0,4610.0,145300000.0,4630.0,4660.0,4590.0,4650.0,147390000.0,4650
2022-11-07,4630.0,4660.0,4590.0,4650.0,147390000.0,4650.0,4660.0,4610.0,4650.0,73010000.0,4690
2022-11-08,4650.0,4660.0,4610.0,4650.0,73010000.0,4650.0,4690.0,4610.0,4690.0,84930000.0,4620
2022-11-09,4650.0,4690.0,4610.0,4690.0,84930000.0,4690.0,4690.0,4610.0,4620.0,81050000.0,4650
2022-11-10,4690.0,4690.0,4610.0,4620.0,81050000.0,4600.0,4650.0,4600.0,4650.0,94720000.0,4530
2022-11-11,4600.0,4650.0,4600.0,4650.0,94720000.0,4560.0,4580.0,4520.0,4530.0,173830000.0,4650
2022-11-14,4560.0,4580.0,4520.0,4530.0,173830000.0,4620.0,4650.0,4590.0,4650.0,153240000.0,4580
2022-11-15,4620.0,4650.0,4590.0,4650.0,153240000.0,4620.0,4640.0,4550.0,4580.0,156890000.0,4580
2022-11-16,4620.0,4640.0,4550.0,4580.0,156890000.0,4580.0,4610.0,4560.0,4580.0,71990000.0,4520
2022-11-17,4580.0,4610.0,4560.0,4580.0,71990000.0,4590.0,4610.0,4490.0,4520.0,249900000.0,4670
2022-11-18,4590.0,4610.0,4490.0,4520.0,249900000.0,4520.0,4670.0,4500.0,4670.0,217130000.0,4610
2022-11-21,4520.0,4670.0,4500.0,4670.0,217130000.0,4670.0,4680.0,4610.0,4610.0,105350000.0,4590
2022-11-22,4670.0,4680.0,4610.0,4610.0,105350000.0,4620.0,4630.0,4560.0,4590.0,96340000.0,4590
2022-11-23,4620.0,4630.0,4560.0,4590.0,96340000.0,4570.0,4670.0,4570.0,4590.0,154870000.0,4670
2022-11-24,4570.0,4670.0,4570.0,4590.0,154870000.0,4640.0,4670.0,4630.0,4670.0,148640000.0,4720
2022-11-25,4640.0,4670.0,4630.0,4670.0,148640000.0,4700.0,4740.0,4670.0,4720.0,168900000.0,4750
2022-11-28,4700.0,4740.0,4670.0,4720.0,168900000.0,4700.0,4750.0,4690.0,4750.0,152040000.0,4820
2022-11-29,4700.0,4750.0,4690.0,4750.0,152040000.0,4730.0,4830.0,4730.0,4820.0,195210000.0,4850
2022-11-30,4730.0,4830.0,4730.0,4820.0,195210000.0,4820.0,4860.0,4790.0,4850.0,166060000.0,4980
2022-12-01,4820.0,4860.0,4790.0,4850.0,166060000.0,4810.0,4980.0,4800.0,4980.0,395470000.0,4940
2022-12-02,4810.0,4980.0,4800.0,4980.0,395470000.0,5000.0,5025.0,4900.0,4940.0,240170000.0,4890
2022-12-05,5000.0,5025.0,4900.0,4940.0,240170000.0,4900.0,4930.0,4860.0,4890.0,200040000.0,4890
2022-12-06,4900.0,4930.0,4860.0,4890.0,200040000.0,4910.0,4930.0,4860.0,4890.0,106810000.0,4860
2022-12-07,4910.0,4930.0,4860.0,4890.0,106810000.0,4860.0,4890.0,4800.0,4860.0,151350000.0,4760
2022-12-08,4860.0,4890.0,4800.0,4860.0,151350000.0,4840.0,4840.0,4740.0,4760.0,219530000.0,4840
2022-12-09,4840.0,4840.0,4740.0,4760.0,219530000.0,4760.0,4840.0,4710.0,4840.0,137590000.0,4800
2022-12-12,4760.0,4840.0,4710.0,4840.0,137590000.0,4830.0,4840.0,4760.0,4800.0,180380000.0,4850
2022-12-13,4830.0,4840.0,4760.0,4800.0,180380000.0,4800.0,4850.0,4760.0,4850.0,113790000.0,4970
2022-12-14,4800.0,4850.0,4760.0,4850.0,113790000.0,4870.0,4980.0,4840.0,4970.0,158080000.0,4980
2022-12-15,4870.0,4980.0,4840.0,4970.0,158080000.0,5000.0,5000.0,4870.0,4980.0,201340000.0,4910
2022-12-16,5000.0,5000.0,4870.0,4980.0,201340000.0,4900.0,4940.0,4880.0,4910.0,143090000.0,4980
2022-12-19,4900.0,4940.0,4880.0,4910.0,143090000.0,4820.0,4980.0,4820.0,4980.0,350110000.0,4970
2022-12-20,4820.0,4980.0,4820.0,4980.0,350110000.0,4970.0,4980.0,4920.0,4970.0,64760000.00000001,4910
2022-12-21,4970.0,4980.0,4920.0,4970.0,64760000.00000001,4930.0,4970.0,4890.0,4910.0,79070000.0,4890
2022-12-22,4930.0,4970.0,4890.0,4910.0,79070000.0,4910.0,4940.0,4870.0,4890.0,71600000.0,4960
2022-12-23,4910.0,4940.0,4870.0,4890.0,71600000.0,4910.0,4970.0,4900.0,4960.0,72730000.0,4880
2022-12-26,4910.0,4970.0,4900.0,4960.0,72730000.0,4920.0,4940.0,4880.0,4880.0,53350000.0,4930
2022-12-27,4920.0,4940.0,4880.0,4880.0,53350000.0,4900.0,4930.0,4890.0,4930.0,43590000.0,4870
2022-12-28,4900.0,4930.0,4890.0,4930.0,43590000.0,4930.0,4950.0,4860.0,4870.0,81820000.0,4820
2022-12-29,4930.0,4950.0,4860.0,4870.0,81820000.0,4870.0,4880.0,4810.0,4820.0,134320000.0,4870
2022-12-30,4870.0,4880.0,4810.0,4820.0,134320000.0,4820.0,4870.0,4800.0,4870.0,106690000.0,4940
2023-01-02,4820.0,4870.0,4800.0,4870.0,106690000.0,4870.0,4950.0,4870.0,4940.0,182090000.0,4870
2023-01-03,4870.0,4950.0,4870.0,4940.0,182090000.0,4910.0,4920.0,4820.0,4870.0,109070000.0,4850
2023-01-04,4910.0,4920.0,4820.0,4870.0,109070000.0,4830.0,4900.0,4830.0,4850.0,95180000.0,4770
2023-01-05,4830.0,4900.0,4830.0,4850.0,95180000.0,4850.0,4850.0,4770.0,4770.0,188230000.0,4640
2023-01-06,4850.0,4850.0,4770.0,4770.0,188230000.0,4750.0,4760.0,4570.0,4640.0,292140000.0,4620
2023-01-09,4750.0,4760.0,4570.0,4640.0,292140000.0,4550.0,4640.0,4550.0,4620.0,175930000.0,4590
2023-01-10,4550.0,4640.0,4550.0,4620.0,175930000.0,4580.0,4640.0,4550.0,4590.0,166620000.0,4430
2023-01-11,4580.0,4640.0,4550.0,4590.0,166620000.0,4550.0,4570.0,4410.0,4430.0,250490000.0,4380
2023-01-12,4550.0,4570.0,4410.0,4430.0,250490000.0,4410.0,4430.0,4360.0,4380.0,249090000.0,4500
2023-01-13,4410.0,4430.0,4360.0,4380.0,249090000.0,4480.0,4520.0,4410.0,4500.0,191800000.0,4480
2023-01-16,4480.0,4520.0,4410.0,4500.0,191800000.0,4510.0,4530.0,4420.0,4480.0,134660000.0,4520
2023-01-17,4510.0,4530.0,4420.0,4480.0,134660000.0,4430.0,4530.0,4420.0,4520.0,162030000.0,4560
2023-01-18,4430.0,4530.0,4420.0,4520.0,162030000.0,4520.0,4580.0,4510.0,4560.0,150580000.0,4600
2023-01-19,4520.0,4580.0,4510.0,4560.0,150580000.0,4560.0,4620.0,4560.0,4600.0,178060000.0,4610
2023-01-20,4560.0,4620.0,4560.0,4600.0,178060000.0,4590.0,4630.0,4580.0,4610.0,103200000.0,4650
2023-01-24,4590.0,4630.0,4580.0,4610.0,103200000.0,4630.0,4670.0,4620.0,4650.0,99720000.0,4620
2023-01-25,4630.0,4670.0,4620.0,4650.0,99720000.0,4660.0,4680.0,4590.0,4620.0,74760000.0,4560
2023-01-26,4660.0,4680.0,4590.0,4620.0,74760000.0,4620.0,4620.0,4550.0,4560.0,73860000.0,4590
2023-01-27,4620.0,4620.0,4550.0,4560.0,73860000.0,4560.0,4620.0,4550.0,4590.0,113890000.0,4640
2023-01-30,4560.0,4620.0,4550.0,4590.0,113890000.0,4600.0,4680.0,4600.0,4640.0,160350000.0,4610
2023-01-31,4600.0,4680.0,4600.0,4640.0,160350000.0,4650.0,4680.0,4570.0,4610.0,221100000.0,4580
2023-02-01,4650.0,4680.0,4570.0,4610.0,221100000.0,4610.0,4620.0,4570.0,4580.0,211640000.0,4680
2023-02-02,4610.0,4620.0,4570.0,4580.0,211640000.0,4630.0,4690.0,4620.0,4680.0,181950000.0,4600
2023-02-03,4630.0,4690.0,4620.0,4680.0,181950000.0,4650.0,4680.0,4600.0,4600.0,125410000.0,4750
2023-02-06,4650.0,4680.0,4600.0,4600.0,125410000.0,4650.0,4780.0,4630.0,4750.0,198940000.0,4740
2023-02-07,4650.0,4780.0,4630.0,4750.0,198940000.0,4780.0,4810.0,4680.0,4740.0,141450000.0,4750
2023-02-08,4780.0,4810.0,4680.0,4740.0,141450000.0,4740.0,4790.0,4720.0,4750.0,140920000.0,4790
2023-02-09,4740.0,4790.0,4720.0,4750.0,140920000.0,4710.0,4790.0,4710.0,4790.0,168620000.0,4810
2023-02-10,4710.0,4790.0,4710.0,4790.0,168620000.0,4790.0,4840.0,4770.0,4810.0,155920000.0,4860
2023-02-13,4790.0,4840.0,4770.0,4810.0,155920000.0,4840.0,4880.0,4770.0,4860.0,181150000.0,4800
2023-02-14,4840.0,4880.0,4770.0,4860.0,181150000.0,4900.0,4900.0,4800.0,4800.0,122510000.0,4870
2023-02-15,4900.0,4900.0,4800.0,4800.0,122510000.0,4820.0,4870.0,4810.0,4870.0,101010000.0,4870
2023-02-16,4820.0,4870.0,4810.0,4870.0,101010000.0,4890.0,4890.0,4810.0,4870.0,107130000.0,4870
2023-02-17,4890.0,4890.0,4810.0,4870.0,107130000.0,4890.0,4890.0,4850.0,4870.0,69970000.0,4880
2023-02-20,4890.0,4890.0,4850.0,4870.0,69970000.0,4890.0,4890.0,4830.0,4880.0,90550000.0,4880
2023-02-21,4890.0,4890.0,4830.0,4880.0,90550000.0,4900.0,4900.0,4840.0,4880.0,88430000.0,4820
2023-02-22,4900.0,4900.0,4840.0,4880.0,88430000.0,4880.0,4880.0,4820.0,4820.0,59320000.0,4760
2023-02-23,4880.0,4880.0,4820.0,4820.0,59320000.0,4790.0,4810.0,4730.0,4760.0,122400000.0,4800
2023-02-24,4790.0,4810.0,4730.0,4760.0,122400000.0,4810.0,4810.0,4730.0,4800.0,139210000.0,4760
2023-02-27,4810.0,4810.0,4730.0,4800.0,139210000.0,4800.0,4840.0,4760.0,4760.0,60500000.0,4810
2023-02-28,4800.0,4840.0,4760.0,4760.0,60500000.0,4780.0,4810.0,4760.0,4810.0,76710000.0,4670
2023-03-01,4780.0,4810.0,4760.0,4810.0,76710000.0,4760.0,4790.0,4670.0,4670.0,273130000.0,4720
2023-03-02,4760.0,4790.0,4670.0,4670.0,273130000.0,4730.0,4750.0,4700.0,4720.0,115580000.0,4780
2023-03-03,4730.0,4750.0,4700.0,4720.0,115580000.0,4750.0,4780.0,4720.0,4780.0,59390000.0,4760
2023-03-06,4750.0,4780.0,4720.0,4780.0,59390000.0,4800.0,4800.0,4730.0,4760.0,84780000.0,4790
2023-03-07,4800.0,4800.0,4730.0,4760.0,84780000.0,4790.0,4800.0,4780.0,4790.0,78880000.0,4840
2023-03-08,4790.0,4800.0,4780.0,4790.0,78880000.0,4770.0,4850.0,4770.0,4840.0,98410000.0,4840
2023-03-09,4770.0,4850.0,4770.0,4840.0,98410000.0,4850.0,4850.0,4820.0,4840.0,103770000.0,4810
2023-03-10,4850.0,4850.0,4820.0,4840.0,103770000.0,4860.0,4870.0,4810.0,4810.0,79550000.0,4820
2023-03-13,4860.0,4870.0,4810.0,4810.0,79550000.0,4820.0,4830.0,4800.0,4820.0,125160000.0,4830
2023-03-14,4820.0,4830.0,4800.0,4820.0,125160000.0,4810.0,4870.0,4770.0,4830.0,106770000.0,4710
2023-03-15,4810.0,4870.0,4770.0,4830.0,106770000.0,4770.0,4790.0,4690.0,4710.0,193560000.0,4700
2023-03-16,4770.0,4790.0,4690.0,4710.0,193560000.0,4760.0,4770.0,4700.0,4700.0,89890000.0,4730
2023-03-17,4760.0,4770.0,4700.0,4700.0,89890000.0,4700.0,4750.0,4640.0,4730.0,141490000.0,4900
2023-03-20,4700.0,4750.0,4640.0,4730.0,141490000.0,4770.0,4900.0,4750.0,4900.0,204810000.0,4880
2023-03-21,4770.0,4900.0,4750.0,4900.0,204810000.0,4840.0,4880.0,4820.0,4880.0,114460000.0,4900
2023-03-24,4840.0,4880.0,4820.0,4880.0,114460000.0,4870.0,4920.0,4840.0,4900.0,193100000.0,4770
2023-03-27,4870.0,4920.0,4840.0,4900.0,193100000.0,4750.0,4820.0,4720.0,4770.0,311150000.0,4740
2023-03-28,4750.0,4820.0,4720.0,4770.0,311150000.0,4750.0,4790.0,4720.0,4740.0,144960000.0,4770
2023-03-29,4750.0,4790.0,4720.0,4740.0,144960000.0,4740.0,4780.0,4740.0,4770.0,88580000.0,4810
2023-03-30,4740.0,4780.0,4740.0,4770.0,88580000.0,4800.0,4820.0,4770.0,4810.0,112590000.0,4750
2023-03-31,4800.0,4820.0,4770.0,4810.0,112590000.0,4810.0,4810.0,4740.0,4750.0,98850000.0,4730
2023-04-03,4810.0,4810.0,4740.0,4750.0,98850000.0,4730.0,4750.0,4710.0,4730.0,161600000.0,4800
2023-04-04,4730.0,4750.0,4710.0,4730.0,161600000.0,4770.0,4800.0,4760.0,4800.0,115870000.0,4820
2023-04-05,4770.0,4800.0,4760.0,4800.0,115870000.0,4800.0,4820.0,4760.0,4820.0,65769999.99999999,4830
2023-04-06,4800.0,4820.0,4760.0,4820.0,65769999.99999999,4810.0,4880.0,4800.0,4830.0,119450000.0,4840
2023-04-10,4810.0,4880.0,4800.0,4830.0,119450000.0,4860.0,4860.0,4820.0,4840.0,88040000.0,4860
2023-04-11,4860.0,4860.0,4820.0,4840.0,88040000.0,4860.0,4860.0,4820.0,4860.0,40470000.0,4880
2023-04-12,4860.0,4860.0,4820.0,4860.0,40470000.0,4860.0,4890.0,4830.0,4880.0,67290000.0,4930
2023-04-13,4860.0,4890.0,4830.0,4880.0,67290000.0,4950.0,4950.0,4890.0,4930.0,166990000.0,4980
2023-04-14,4950.0,4950.0,4890.0,4930.0,166990000.0,4950.0,5000.0,4930.0,4980.0,179410000.0,5075
2023-04-17,4950.0,5000.0,4930.0,4980.0,179410000.0,5050.0,5100.0,5000.0,5075.0,168230000.0,4990
2023-04-18,5050.0,5100.0,5000.0,5075.0,168230000.0,5075.0,5075.0,4960.0,4990.0,121240000.0,4950
2023-04-26,5075.0,5075.0,4960.0,4990.0,121240000.0,4990.0,5025.0,4950.0,4950.0,96870000.0,5025
2023-04-27,4990.0,5025.0,4950.0,4950.0,96870000.0,5150.0,5150.0,4930.0,5025.0,273340000.0,5150
2023-04-28,5150.0,5150.0,4930.0,5025.0,273340000.0,4990.0,5150.0,4990.0,5150.0,161580000.0,5100
2023-05-02,4990.0,5150.0,4990.0,5150.0,161580000.0,5175.0,5275.0,5100.0,5100.0,251910000.0,5150
2023-05-03,5175.0,5275.0,5100.0,5100.0,251910000.0,5175.0,5175.0,5050.0,5150.0,113290000.0,5100
2023-05-04,5175.0,5175.0,5050.0,5150.0,113290000.0,5225.0,5225.0,5050.0,5100.0,152480000.0,5150
2023-05-05,5225.0,5225.0,5050.0,5100.0,152480000.0,5150.0,5175.0,5075.0,5150.0,120040000.0,5225
2023-05-08,5150.0,5175.0,5075.0,5150.0,120040000.0,5225.0,5250.0,5125.0,5225.0,158900000.0,5100
2023-05-09,5225.0,5250.0,5125.0,5225.0,158900000.0,5250.0,5250.0,5050.0,5100.0,107800000.0,5125
2023-05-10,5250.0,5250.0,5050.0,5100.0,107800000.0,5050.0,5125.0,5025.0,5125.0,103020000.0,5150
2023-05-11,5050.0,5125.0,5025.0,5125.0,103020000.0,5075.0,5150.0,5050.0,5150.0,108420000.0,5150
2023-05-12,5075.0,5150.0,5050.0,5150.0,108420000.0,5175.0,5175.0,5100.0,5150.0,85630000.0,5150
2023-05-15,5175.0,5175.0,5100.0,5150.0,85630000.0,5100.0,5175.0,5100.0,5150.0,77160000.0,5150
2023-05-16,5100.0,5175.0,5100.0,5150.0,77160000.0,5150.0,5175.0,5025.0,5150.0,133630000.0,5200
2023-05-17,5150.0,5175.0,5025.0,5150.0,133630000.0,5175.0,5200.0,5100.0,5200.0,86620000.0,5200
2023-05-19,5175.0,5200.0,5100.0,5200.0,86620000.0,5250.0,5250.0,5175.0,5200.0,115840000.0,5400
2023-05-22,5250.0,5250.0,5175.0,5200.0,115840000.0,5225.0,5450.0,5200.0,5400.0,166540000.0,5425
2023-05-23,5225.0,5450.0,5200.0,5400.0,166540000.0,5300.0,5500.0,5300.0,5425.0,163190000.0,5500
2023-05-24,5300.0,5500.0,5300.0,5425.0,163190000.0,5475.0,5600.0,5475.0,5500.0,221670000.0,5600
2023-05-25,5475.0,5600.0,5475.0,5500.0,221670000.0,5525.0,5600.0,5450.0,5600.0,156210000.0,5475
2023-05-26,5525.0,5600.0,5450.0,5600.0,156210000.0,5500.0,5575.0,5450.0,5475.0,197940000.0,5600
2023-05-29,5500.0,5575.0,5450.0,5475.0,197940000.0,5425.0,5600.0,5425.0,5600.0,154000000.0,5550
2023-05-30,5425.0,5600.0,5425.0,5600.0,154000000.0,5600.0,5625.0,5475.0,5550.0,125050000.0,5500
2023-05-31,5600.0,5625.0,5475.0,5550.0,125050000.0,5500.0,5600.0,5500.0,5500.0,89880000.0,5575
2023-06-05,5500.0,5600.0,5500.0,5500.0,89880000.0,5575.0,5575.0,5375.0,5575.0,506880000.0,5425
2023-06-06,5575.0,5575.0,5375.0,5575.0,506880000.0,5600.0,5600.0,5425.0,5425.0,255470000.0,5450
2023-06-07,5600.0,5600.0,5425.0,5425.0,255470000.0,5400.0,5500.0,5350.0,5450.0,92020000.0,5400
2023-06-08,5400.0,5500.0,5350.0,5450.0,92020000.0,5475.0,5475.0,5350.0,5400.0,117650000.0,5475
2023-06-09,5475.0,5475.0,5350.0,5400.0,117650000.0,5375.0,5475.0,5350.0,5475.0,92790000.0,5425
2023-06-12,5375.0,5475.0,5350.0,5475.0,92790000.0,5425.0,5450.0,5375.0,5425.0,77350000.0,5400
2023-06-13,5425.0,5450.0,5375.0,5425.0,77350000.0,5400.0,5400.0,5375.0,5400.0,92310000.0,5550
2023-06-14,5400.0,5400.0,5375.0,5400.0,92310000.0,5400.0,5550.0,5400.0,5550.0,108830000.0,5550
2023-06-15,5400.0,5550.0,5400.0,5550.0,108830000.0,5575.0,5575.0,5475.0,5550.0,79140000.0,5525
2023-06-16,5575.0,5575.0,5475.0,5550.0,79140000.0,5475.0,5525.0,5450.0,5525.0,74390000.0,5550
2023-06-19,5475.0,5525.0,5450.0,5525.0,74390000.0,5475.0,5550.0,5400.0,5550.0,189060000.0,5525
2023-06-20,5475.0,5550.0,5400.0,5550.0,189060000.0,5500.0,5525.0,5450.0,5525.0,55140000.0,5550
2023-06-21,5500.0,5525.0,5450.0,5525.0,55140000.0,5475.0,5550.0,5475.0,5550.0,102930000.0,5575
2023-06-22,5475.0,5550.0,5475.0,5550.0,102930000.0,5500.0,5575.0,5500.0,5575.0,84660000.0,5475
2023-06-23,5500.0,5575.0,5500.0,5575.0,84660000.0,5550.0,5600.0,5475.0,5475.0,94140000.0,5400
2023-06-26,5550.0,5600.0,5475.0,5475.0,94140000.0,5425.0,5475.0,5400.0,5400.0,123350000.0,5450
2023-06-27,5425.0,5475.0,5400.0,5400.0,123350000.0,5425.0,5475.0,5375.0,5450.0,85470000.0,5425
2023-07-03,5425.0,5475.0,5375.0,5450.0,85470000.0,5450.0,5500.0,5425.0,5425.0,110780000.0,5475
2023-07-04,5450.0,5500.0,5425.0,5425.0,110780000.0,5500.0,5550.0,5450.0,5475.0,168570000.0,5450
2023-07-05,5500.0,5550.0,5450.0,5475.0,168570000.0,5500.0,5500.0,5425.0,5450.0,94460000.0,5450
2023-07-06,5500.0,5500.0,5425.0,5450.0,94460000.0,5400.0,5450.0,5400.0,5450.0,109630000.0,5425
2023-07-07,5400.0,5450.0,5400.0,5450.0,109630000.0,5450.0,5475.0,5400.0,5425.0,109450000.0,5375
2023-07-10,5450.0,5475.0,5400.0,5425.0,109450000.0,5400.0,5425.0,5375.0,5375.0,114040000.0,5400
2023-07-11,5400.0,5425.0,5375.0,5375.0,114040000.0,5425.0,5500.0,5400.0,5400.0,78970000.0,5425
2023-07-12,5425.0,5500.0,5400.0,5400.0,78970000.0,5375.0,5450.0,5375.0,5425.0,122090000.0,5450
2023-07-13,5375.0,5450.0,5375.0,5425.0,122090000.0,5450.0,5475.0,5425.0,5450.0,104990000.0,5450
2023-07-14,5450.0,5475.0,5425.0,5450.0,104990000.0,5425.0,5475.0,5425.0,5450.0,134910000.0,5525
2023-07-17,5425.0,5475.0,5425.0,5450.0,134910000.0,5450.0,5525.0,5425.0,5525.0,127810000.0,5575
2023-07-18,5450.0,5525.0,5425.0,5525.0,127810000.0,5550.0,5625.0,5525.0,5575.0,166950000.0,5625
2023-07-20,5550.0,5625.0,5525.0,5575.0,166950000.0,5625.0,5700.0,5600.0,5625.0,141880000.0,5625
2023-07-21,5625.0,5700.0,5600.0,5625.0,141880000.0,5575.0,5650.0,5550.0,5625.0,111120000.0,5625
2023-07-24,5575.0,5650.0,5550.0,5625.0,111120000.0,5600.0,5625.0,5575.0,5625.0,63090000.0,5600
2023-07-25,5600.0,5625.0,5575.0,5625.0,63090000.0,5600.0,5650.0,5600.0,5600.0,62960000.0,5650
2023-07-26,5600.0,5650.0,5600.0,5600.0,62960000.0,5625.0,5700.0,5625.0,5650.0,111250000.0,5675
2023-07-27,5625.0,5700.0,5625.0,5650.0,111250000.0,5700.0,5700.0,5650.0,5675.0,76200000.0,5650
2023-07-28,5700.0,5700.0,5650.0,5675.0,76200000.0,5675.0,5750.0,5650.0,5650.0,109860000.0,5700
2023-07-31,5675.0,5750.0,5650.0,5650.0,109860000.0,5625.0,5700.0,5625.0,5700.0,74040000.0,5650
2023-08-01,5625.0,5700.0,5625.0,5700.0,74040000.0,5700.0,5700.0,5650.0,5650.0,186730000.0,5700
2023-08-02,5700.0,5700.0,5650.0,5650.0,186730000.0,5650.0,5750.0,5650.0,5700.0,100140000.0,5700
2023-08-03,5650.0,5750.0,5650.0,5700.0,100140000.0,5650.0,5725.0,5650.0,5700.0,90610000.0,5700
2023-08-04,5650.0,5725.0,5650.0,5700.0,90610000.0,5675.0,5750.0,5650.0,5700.0,82780000.0,5575
2023-08-07,5675.0,5750.0,5650.0,5700.0,82780000.0,5700.0,5725.0,5575.0,5575.0,150740000.0,5700
2023-08-08,5700.0,5725.0,5575.0,5575.0,150740000.0,5600.0,5725.0,5575.0,5700.0,88100000.0,5625
2023-08-09,5600.0,5725.0,5575.0,5700.0,88100000.0,5700.0,5750.0,5600.0,5625.0,115670000.0,5700
2023-08-10,5700.0,5750.0,5600.0,5625.0,115670000.0,5650.0,5725.0,5625.0,5700.0,91930000.0,5700
2023-08-11,5650.0,5725.0,5625.0,5700.0,91930000.0,5675.0,5725.0,5675.0,5700.0,85570000.0,5650
2023-08-14,5675.0,5725.0,5675.0,5700.0,85570000.0,5675.0,5700.0,5650.0,5650.0,74320000.0,5650
2023-08-15,5675.0,5700.0,5650.0,5650.0,74320000.0,5650.0,5675.0,5575.0,5650.0,127360000.0,5575
2023-08-16,5650.0,5675.0,5575.0,5650.0,127360000.0,5650.0,5675.0,5575.0,5575.0,89600000.0,5525
2023-08-18,5650.0,5675.0,5575.0,5575.0,89600000.0,5550.0,5575.0,5450.0,5525.0,226750000.0,5575
2023-08-21,5550.0,5575.0,5450.0,5525.0,226750000.0,5500.0,5600.0,5500.0,5575.0,121560000.0,5500
2023-08-22,5500.0,5600.0,5500.0,5575.0,121560000.0,5550.0,5575.0,5500.0,5500.0,91640000.0,5575
2023-08-23,5550.0,5575.0,5500.0,5500.0,91640000.0,5500.0,5625.0,5500.0,5575.0,101220000.0,5600
2023-08-24,5500.0,5625.0,5500.0,5575.0,101220000.0,5600.0,5625.0,5575.0,5600.0,78690000.0,5550
2023-08-25,5600.0,5625.0,5575.0,5600.0,78690000.0,5625.0,5625.0,5550.0,5550.0,74410000.0,5600
2023-08-28,5625.0,5625.0,5550.0,5550.0,74410000.0,5550.0,5600.0,5525.0,5600.0,65099999.99999999,5550
2023-08-29,5550.0,5600.0,5525.0,5600.0,65099999.99999999,5600.0,5625.0,5550.0,5550.0,37130000.0,5600
2023-08-30,5600.0,5625.0,5550.0,5550.0,37130000.0,5525.0,5600.0,5525.0,5600.0,57550000.0,5525
2023-08-31,5525.0,5600.0,5525.0,5600.0,57550000.0,5600.0,5600.0,5500.0,5525.0,171280000.0,5550
2023-09-01,5600.0,5600.0,5500.0,5525.0,171280000.0,5525.0,5550.0,5475.0,5550.0,175090000.0,5575
2023-09-04,5525.0,5550.0,5475.0,5550.0,175090000.0,5600.0,5600.0,5525.0,5575.0,87370000.0,5625
2023-09-05,5600.0,5600.0,5525.0,5575.0,87370000.0,5600.0,5625.0,5575.0,5625.0,43900000.0,5625
2023-09-06,5600.0,5625.0,5575.0,5625.0,43900000.0,5625.0,5650.0,5600.0,5625.0,72460000.0,5575
2023-09-07,5625.0,5650.0,5600.0,5625.0,72460000.0,5625.0,5650.0,5575.0,5575.0,106370000.0,5450
2023-09-08,5625.0,5650.0,5575.0,5575.0,106370000.0,5525.0,5550.0,5450.0,5450.0,158000000.0,5350
2023-09-11,5525.0,5550.0,5450.0,5450.0,158000000.0,5425.0,5450.0,5300.0,5350.0,243320000.0,5425
2023-09-12,5425.0,5450.0,5300.0,5350.0,243320000.0,5350.0,5425.0,5300.0,5425.0,80470000.0,5375
2023-09-13,5350.0,5425.0,5300.0,5425.0,80470000.0,5450.0,5475.0,5375.0,5375.0,121650000.0,5400
2023-09-14,5450.0,5475.0,5375.0,5375.0,121650000.0,5350.0,5425.0,5350.0,5400.0,59410000.0,5425
2023-09-15,5350.0,5425.0,5350.0,5400.0,59410000.0,5325.0,5425.0,5325.0,5425.0,76830000.0,5375
2023-09-18,5325.0,5425.0,5325.0,5425.0,76830000.0,5400.0,5450.0,5375.0,5375.0,141460000.0,5325
2023-09-19,5400.0,5450.0,5375.0,5375.0,141460000.0,5350.0,5400.0,5300.0,5325.0,61330000.0,5375
2023-09-20,5350.0,5400.0,5300.0,5325.0,61330000.0,5325.0,5375.0,5300.0,5375.0,61070000.0,5375
2023-09-21,5325.0,5375.0,5300.0,5375.0,61070000.0,5350.0,5450.0,5350.0,5375.0,98710000.0,5350
2023-09-22,5350.0,5450.0,5350.0,5375.0,98710000.0,5425.0,5425.0,5350.0,5350.0,68580000.0,5350
2023-09-25,5425.0,5425.0,5350.0,5350.0,68580000.0,5350.0,5425.0,5350.0,5350.0,83180000.0,5300
2023-09-26,5350.0,5425.0,5350.0,5350.0,83180000.0,5325.0,5350.0,5200.0,5300.0,131580000.00000001,5200
2023-09-27,5325.0,5350.0,5200.0,5300.0,131580000.00000001,5250.0,5275.0,5200.0,5200.0,180280000.0,5225
2023-09-29,5250.0,5275.0,5200.0,5200.0,180280000.0,5175.0,5300.0,5175.0,5225.0,119770000.0,5225
2023-10-02,5175.0,5300.0,5175.0,5225.0,119770000.0,5300.0,5325.0,5225.0,5225.0,140350000.0,5250
2023-10-03,5300.0,5325.0,5225.0,5225.0,140350000.0,5250.0,5300.0,5250.0,5250.0,81670000.0,5275
2023-10-04,5250.0,5300.0,5250.0,5250.0,81670000.0,5250.0,5300.0,5250.0,5275.0,54510000.0,5250
2023-10-05,5250.0,5300.0,5250.0,5275.0,54510000.0,5250.0,5275.0,5200.0,5250.0,121450000.0,5175
2023-10-06,5250.0,5275.0,5200.0,5250.0,121450000.0,5250.0,5275.0,5175.0,5175.0,116810000.0,5175
2023-10-09,5250.0,5275.0,5175.0,5175.0,116810000.0,5200.0,5250.0,5175.0,5175.0,70200000.0,5125
2023-10-10,5200.0,5250.0,5175.0,5175.0,70200000.0,5200.0,5225.0,5125.0,5125.0,144480000.0,5175
2023-10-11,5200.0,5225.0,5125.0,5125.0,144480000.0,5125.0,5250.0,5125.0,5175.0,115570000.0,5250
2023-10-12,5125.0,5250.0,5125.0,5175.0,115570000.0,5150.0,5275.0,5150.0,5250.0,100390000.0,5300
2023-10-13,5150.0,5275.0,5150.0,5250.0,100390000.0,5300.0,5375.0,5275.0,5300.0,174020000.0,5275
2023-10-16,5300.0,5375.0,5275.0,5300.0,174020000.0,5275.0,5325.0,5250.0,5275.0,84650000.0,5250
2023-10-17,5275.0,5325.0,5250.0,5275.0,84650000.0,5325.0,5325.0,5250.0,5250.0,61270000.0,5150
2023-10-18,5325.0,5325.0,5250.0,5250.0,61270000.0,5250.0,5275.0,5150.0,5150.0,127290000.0,5150
2023-10-19,5250.0,5275.0,5150.0,5150.0,127290000.0,5125.0,5225.0,5125.0,5150.0,180350000.0,5000
2023-10-20,5125.0,5225.0,5125.0,5150.0,180350000.0,5100.0,5150.0,5000.0,5000.0,195830000.0,5050
2023-10-23,5100.0,5150.0,5000.0,5000.0,195830000.0,4980.0,5100.0,4960.0,5050.0,194320000.0,5000
2023-10-24,4980.0,5100.0,4960.0,5050.0,194320000.0,5000.0,5075.0,4990.0,5000.0,82760000.0,5100
2023-10-25,5000.0,5075.0,4990.0,5000.0,82760000.0,5000.0,5100.0,4950.0,5100.0,104020000.0,5175
2023-10-26,5000.0,5100.0,4950.0,5100.0,104020000.0,5100.0,5200.0,5100.0,5175.0,142220000.0,4920
2023-10-27,5100.0,5200.0,5100.0,5175.0,142220000.0,5175.0,5175.0,4920.0,4920.0,330620000.0,5000
2023-10-30,5175.0,5175.0,4920.0,4920.0,330620000.0,4950.0,5050.0,4940.0,5000.0,129600000.0,5000
2023-10-31,4950.0,5050.0,4940.0,5000.0,129600000.0,4980.0,5025.0,4970.0,5000.0,108520000.0,4960
2023-11-01,4980.0,5025.0,4970.0,5000.0,108520000.0,4980.0,5000.0,4960.0,4960.0,106760000.0,4830
2023-11-02,4980.0,5000.0,4960.0,4960.0,106760000.0,4920.0,4960.0,4830.0,4830.0,191570000.0,5000
2023-11-03,4920.0,4960.0,4830.0,4830.0,191570000.0,4940.0,5075.0,4910.0,5000.0,208080000.0,5100
2023-11-06,4940.0,5075.0,4910.0,5000.0,208080000.0,5025.0,5175.0,5025.0,5100.0,125500000.0,5200
2023-11-07,5025.0,5175.0,5025.0,5100.0,125500000.0,5100.0,5200.0,5100.0,5200.0,122330000.0,5250
2023-11-08,5100.0,5200.0,5100.0,5200.0,122330000.0,5225.0,5275.0,5175.0,5250.0,137040000.0,5225
2023-11-09,5225.0,5275.0,5175.0,5250.0,137040000.0,5200.0,5250.0,5175.0,5225.0,86780000.0,5200
2023-11-10,5200.0,5250.0,5175.0,5225.0,86780000.0,5225.0,5275.0,5200.0,5200.0,66239999.99999999,5075
2023-11-13,5225.0,5275.0,5200.0,5200.0,66239999.99999999,5150.0,5150.0,5050.0,5075.0,113810000.0,5025
2023-11-14,5150.0,5150.0,5050.0,5075.0,113810000.0,5075.0,5125.0,5025.0,5025.0,92520000.0,5075
2023-11-15,5075.0,5125.0,5025.0,5025.0,92520000.0,5075.0,5125.0,5050.0,5075.0,85420000.0,5250
2023-11-16,5075.0,5125.0,5050.0,5075.0,85420000.0,5200.0,5300.0,5175.0,5250.0,193790000.0,5250
2023-11-17,5200.0,5300.0,5175.0,5250.0,193790000.0,5275.0,5275.0,5175.0,5250.0,129680000.0,5225
2023-11-20,5275.0,5275.0,5175.0,5250.0,129680000.0,5175.0,5250.0,5175.0,5225.0,70730000.0,5250
2023-11-21,5175.0,5250.0,5175.0,5225.0,70730000.0,5175.0,5275.0,5175.0,5250.0,67310000.0,5200
2023-11-22,5175.0,5275.0,5175.0,5250.0,67310000.0,5225.0,5250.0,5175.0,5200.0,104110000.0,5275
2023-11-23,5225.0,5250.0,5175.0,5200.0,104110000.0,5175.0,5300.0,5175.0,5275.0,103590000.0,5350
2023-11-24,5175.0,5300.0,5175.0,5275.0,103590000.0,5325.0,5400.0,5300.0,5350.0,174570000.0,5400
2023-11-27,5325.0,5400.0,5300.0,5350.0,174570000.0,5400.0,5450.0,5375.0,5400.0,104410000.0,5350
2023-11-28,5400.0,5450.0,5375.0,5400.0,104410000.0,5425.0,5450.0,5350.0,5350.0,76020000.0,5350
2023-11-29,5425.0,5450.0,5350.0,5350.0,76020000.0,5325.0,5425.0,5325.0,5350.0,147990000.0,5300
2023-11-30,5325.0,5425.0,5325.0,5350.0,147990000.0,5350.0,5375.0,5300.0,5300.0,106200000.0,5275
2023-12-01,5350.0,5375.0,5300.0,5300.0,106200000.0,5375.0,5375.0,5275.0,5275.0,224430000.0,5350
2023-12-04,5375.0,5375.0,5275.0,5275.0,224430000.0,5275.0,5375.0,5275.0,5350.0,99500000.0,5500
2023-12-05,5275.0,5375.0,5275.0,5350.0,99500000.0,5450.0,5575.0,5450.0,5500.0,235660000.0,5450
2023-12-06,5450.0,5575.0,5450.0,5500.0,235660000.0,5425.0,5500.0,5425.0,5450.0,114690000.0,5425
2023-12-07,5425.0,5500.0,5425.0,5450.0,114690000.0,5425.0,5450.0,5400.0,5425.0,119720000.0,5475
2023-12-08,5425.0,5450.0,5400.0,5425.0,119720000.0,5400.0,5475.0,5400.0,5475.0,102130000.0,5375
2023-12-11,5400.0,5475.0,5400.0,5475.0,102130000.0,5425.0,5450.0,5375.0,5375.0,130539999.99999999,5300
2023-12-12,5425.0,5450.0,5375.0,5375.0,130539999.99999999,5325.0,5375.0,5300.0,5300.0,124470000.0,5325
2023-12-13,5325.0,5375.0,5300.0,5300.0,124470000.0,5375.0,5400.0,5325.0,5325.0,134500000.0,5300
2023-12-14,5375.0,5400.0,5325.0,5325.0,134500000.0,5300.0,5350.0,5275.0,5300.0,98880000.0,5550
2023-12-15,5300.0,5350.0,5275.0,5300.0,98880000.0,5450.0,5550.0,5425.0,5550.0,270760000.0,5550
2023-12-18,5450.0,5550.0,5425.0,5550.0,270760000.0,5575.0,5600.0,5550.0,5550.0,252450000.0,5500
2023-12-19,5575.0,5600.0,5550.0,5550.0,252450000.0,5575.0,5575.0,5500.0,5500.0,102780000.0,5550
2023-12-20,5575.0,5575.0,5500.0,5500.0,102780000.0,5450.0,5550.0,5450.0,5550.0,158890000.0,5550
2023-12-21,5450.0,5550.0,5450.0,5550.0,158890000.0,5700.0,5700.0,5550.0,5550.0,138470000.0,5575
2023-12-22,5700.0,5700.0,5550.0,5550.0,138470000.0,5550.0,5600.0,5525.0,5575.0,99050000.0,5675
2023-12-27,5550.0,5600.0,5525.0,5575.0,99050000.0,5650.0,5700.0,5600.0,5675.0,109410000.0,5625
2023-12-28,5650.0,5700.0,5600.0,5675.0,109410000.0,5700.0,5725.0,5625.0,5625.0,131370000.0,5725
2023-12-29,5700.0,5725.0,5625.0,5625.0,131370000.0,5700.0,5750.0,5675.0,5725.0,121430000.0,5725
2024-01-02,5700.0,5750.0,5675.0,5725.0,121430000.0,5750.0,5750.0,5675.0,5725.0,93130000.0,5675
2024-01-03,5750.0,5750.0,5675.0,5725.0,93130000.0,5650.0,5675.0,5625.0,5675.0,91140000.0,5600
2024-01-04,5650.0,5675.0,5625.0,5675.0,91140000.0,5625.0,5650.0,5600.0,5600.0,83660000.0,5700
2024-01-05,5625.0,5650.0,5600.0,5600.0,83660000.0,5600.0,5700.0,5575.0,5700.0,118470000.0,5750
2024-01-08,5600.0,5700.0,5575.0,5700.0,118470000.0,5725.0,5850.0,5700.0,5750.0,134930000.0,5625
2024-01-09,5725.0,5850.0,5700.0,5750.0,134930000.0,5750.0,5800.0,5625.0,5625.0,152020000.0,5700
2024-01-10,5750.0,5800.0,5625.0,5625.0,152020000.0,5625.0,5700.0,5625.0,5700.0,105670000.0,5700
2024-01-11,5625.0,5700.0,5625.0,5700.0,105670000.0,5625.0,5700.0,5625.0,5700.0,82630000.0,5750
2024-01-12,5625.0,5700.0,5625.0,5700.0,82630000.0,5750.0,5800.0,5700.0,5750.0,132210000.00000001,5850
2024-01-15,5750.0,5800.0,5700.0,5750.0,132210000.00000001,5800.0,5850.0,5775.0,5850.0,109720000.0,5825
2024-01-16,5800.0,5850.0,5775.0,5850.0,109720000.0,5850.0,5900.0,5775.0,5825.0,115280000.0,5825
2024-01-17,5850.0,5900.0,5775.0,5825.0,115280000.0,5825.0,5875.0,5775.0,5825.0,97070000.0,5775
2024-01-18,5825.0,5875.0,5775.0,5825.0,97070000.0,5825.0,5825.0,5750.0,5775.0,107940000.0,5750
2024-01-19,5825.0,5825.0,5750.0,5775.0,107940000.0,5800.0,5800.0,5700.0,5750.0,87260000.0,5800
2024-01-22,5800.0,5800.0,5700.0,5750.0,87260000.0,5750.0,5800.0,5700.0,5800.0,75370000.0,5775
2024-01-23,5750.0,5800.0,5700.0,5800.0,75370000.0,5775.0,5800.0,5700.0,5775.0,97550000.0,5700
2024-01-24,5775.0,5800.0,5700.0,5775.0,97550000.0,5700.0,5750.0,5650.0,5700.0,123000000.0,5650
2024-01-25,5700.0,5750.0,5650.0,5700.0,123000000.0,5675.0,5700.0,5575.0,5650.0,104230000.0,5525
2024-01-26,5675.0,5700.0,5575.0,5650.0,104230000.0,5575.0,5650.0,5525.0,5525.0,120480000.0,5425
2024-01-29,5575.0,5650.0,5525.0,5525.0,120480000.0,5450.0,5475.0,5400.0,5425.0,185240000.0,5575
2024-01-30,5450.0,5475.0,5400.0,5425.0,185240000.0,5400.0,5575.0,5400.0,5575.0,145630000.0,5625
2024-01-31,5400.0,5575.0,5400.0,5575.0,145630000.0,5525.0,5650.0,5475.0,5625.0,150520000.0,5700
2024-02-01,5525.0,5650.0,5475.0,5625.0,150520000.0,5725.0,5775.0,5675.0,5700.0,245120000.0,5750
2024-02-02,5725.0,5775.0,5675.0,5700.0,245120000.0,5775.0,5800.0,5725.0,5750.0,156630000.0,5850
2024-02-05,5775.0,5800.0,5725.0,5750.0,156630000.0,5800.0,5850.0,5750.0,5850.0,177210000.0,5775
2024-02-06,5800.0,5850.0,5750.0,5850.0,177210000.0,5800.0,5825.0,5750.0,5775.0,113760000.0,5825
2024-02-07,5800.0,5825.0,5750.0,5775.0,113760000.0,5900.0,5900.0,5800.0,5825.0,126700000.0,5850
2024-02-12,5900.0,5900.0,5800.0,5825.0,126700000.0,5850.0,5900.0,5825.0,5850.0,147570000.0,6025
2024-02-13,5850.0,5900.0,5825.0,5850.0,147570000.0,5875.0,6025.0,5850.0,6025.0,200860000.0,6000
2024-02-15,5875.0,6025.0,5850.0,6025.0,200860000.0,6050.0,6050.0,5950.0,6000.0,145850000.0,6125
2024-02-16,6050.0,6050.0,5950.0,6000.0,145850000.0,6275.0,6275.0,6100.0,6125.0,308690000.0,6150
2024-02-19,6275.0,6275.0,6100.0,6125.0,308690000.0,6150.0,6200.0,6125.0,6150.0,130810000.0,6100
2024-02-20,6150.0,6200.0,6125.0,6150.0,130810000.0,6125.0,6175.0,6075.0,6100.0,111380000.0,6300
2024-02-21,6125.0,6175.0,6075.0,6100.0,111380000.0,6175.0,6300.0,6175.0,6300.0,160870000.0,6300
2024-02-22,6175.0,6300.0,6175.0,6300.0,160870000.0,6325.0,6375.0,6225.0,6300.0,169290000.0,6250
2024-02-23,6325.0,6375.0,6225.0,6300.0,169290000.0,6250.0,6300.0,6225.0,6250.0,100260000.0,6125
2024-02-26,6250.0,6300.0,6225.0,6250.0,100260000.0,6125.0,6175.0,6050.0,6125.0,148640000.0,6175
2024-02-27,6125.0,6175.0,6050.0,6125.0,148640000.0,6100.0,6200.0,6075.0,6175.0,110510000.0,6125
2024-02-28,6100.0,6200.0,6075.0,6175.0,110510000.0,6125.0,6200.0,6125.0,6125.0,99190000.0,6225
2024-02-29,6125.0,6200.0,6125.0,6125.0,99190000.0,6100.0,6225.0,6100.0,6225.0,118750000.0,6125
2024-03-01,6100.0,6225.0,6100.0,6225.0,118750000.0,6150.0,6200.0,6125.0,6125.0,173850000.0,6125
2024-03-04,6150.0,6200.0,6125.0,6125.0,173850000.0,6175.0,6175.0,6075.0,6125.0,76290000.0,6050
2024-03-05,6175.0,6175.0,6075.0,6125.0,76290000.0,6125.0,6125.0,6050.0,6050.0,70350000.0,6125
2024-03-06,6125.0,6125.0,6050.0,6050.0,70350000.0,6100.0,6175.0,6075.0,6125.0,115080000.0,6200
2024-03-07,6100.0,6175.0,6075.0,6125.0,115080000.0,6100.0,6200.0,6100.0,6200.0,84110000.0,6225
2024-03-08,6100.0,6200.0,6100.0,6200.0,84110000.0,6200.0,6275.0,6200.0,6225.0,117720000.0,6350
2024-03-13,6200.0,6275.0,6200.0,6225.0,117720000.0,6275.0,6400.0,6250.0,6350.0,163060000.0,6400
2024-03-14,6275.0,6400.0,6250.0,6350.0,163060000.0,6350.0,6450.0,6350.0,6400.0,195170000.0,6150
2024-03-15,6350.0,6450.0,6350.0,6400.0,195170000.0,6175.0,6200.0,6050.0,6150.0,271250000.0,5975
2024-03-18,6175.0,6200.0,6050.0,6150.0,271250000.0,6000.0,6075.0,5950.0,5975.0,306000000.0,6000
2024-03-19,6000.0,6075.0,5950.0,5975.0,306000000.0,6000.0,6100.0,5975.0,6000.0,110560000.0,6000
2024-03-20,6000.0,6100.0,5975.0,6000.0,110560000.0,6000.0,6050.0,5975.0,6000.0,114340000.0,6100
2024-03-21,6000.0,6050.0,5975.0,6000.0,114340000.0,6000.0,6100.0,6000.0,6100.0,120890000.0,6100
2024-03-22,6000.0,6100.0,6000.0,6100.0,120890000.0,6175.0,6200.0,6100.0,6100.0,136020000.0,6125
2024-03-25,6175.0,6200.0,6100.0,6100.0,136020000.0,6050.0,6125.0,6050.0,6125.0,74940000.0,6250
2024-03-26,6050.0,6125.0,6050.0,6125.0,74940000.0,6150.0,6250.0,6125.0,6250.0,115730000.0,6300
2024-03-27,6150.0,6250.0,6125.0,6250.0,115730000.0,6200.0,6300.0,6200.0,6300.0,120750000.0,6250
2024-03-28,6200.0,6300.0,6200.0,6300.0,120750000.0,6300.0,6325.0,6225.0,6250.0,73310000.0,6050
2024-04-01,6300.0,6325.0,6225.0,6250.0,73310000.0,6100.0,6200.0,6025.0,6050.0,288930000.0,5925
2024-04-02,6100.0,6200.0,6025.0,6050.0,288930000.0,6000.0,6025.0,5825.0,5925.0,217210000.0,5675
2024-04-03,6000.0,6025.0,5825.0,5925.0,217210000.0,5850.0,5950.0,5625.0,5675.0,412180000.0,5625
2024-04-04,5850.0,5950.0,5625.0,5675.0,412180000.0,5575.0,5675.0,5525.0,5625.0,333520000.0,5700
2024-04-05,5575.0,5675.0,5525.0,5625.0,333520000.0,5650.0,5750.0,5650.0,5700.0,133410000.0,5650
2024-04-16,5650.0,5750.0,5650.0,5700.0,133410000.0,5625.0,5700.0,5625.0,5650.0,178820000.0,5350
2024-04-17,5625.0,5700.0,5625.0,5650.0,178820000.0,5375.0,5575.0,5350.0,5350.0,600720000.0,5300
2024-04-18,5375.0,5575.0,5350.0,5350.0,600720000.0,5475.0,5500.0,5300.0,5300.0,244000000.0,5475
2024-04-19,5475.0,5500.0,5300.0,5300.0,244000000.0,5300.0,5500.0,5300.0,5475.0,247410000.0,5275
2024-04-22,5300.0,5500.0,5300.0,5475.0,247410000.0,5350.0,5375.0,5250.0,5275.0,258209999.99999997,5300
2024-04-23,5350.0,5375.0,5250.0,5275.0,258209999.99999997,5200.0,5325.0,5150.0,5300.0,342280000.0,5300
2024-04-24,5200.0,5325.0,5150.0,5300.0,342280000.0,5350.0,5400.0,5225.0,5300.0,283680000.0,5225
2024-04-25,5350.0,5400.0,5225.0,5300.0,283680000.0,5250.0,5350.0,5150.0,5225.0,471240000.0,5150
2024-04-26,5250.0,5350.0,5150.0,5225.0,471240000.0,5125.0,5200.0,5050.0,5150.0,479170000.0,4830
2024-04-29,5125.0,5200.0,5050.0,5150.0,479170000.0,5050.0,5100.0,4830.0,4830.0,782590000.0,4770
2024-04-30,5050.0,5100.0,4830.0,4830.0,782590000.0,4700.0,4890.0,4680.0,4770.0,700640000.0,4940
2024-05-02,4700.0,4890.0,4680.0,4770.0,700640000.0,4850.0,5050.0,4820.0,4940.0,565610000.0,4760
2024-05-03,4850.0,5050.0,4820.0,4940.0,565610000.0,4910.0,4920.0,4700.0,4760.0,636920000.0,4750
2024-05-06,4910.0,4920.0,4700.0,4760.0,636920000.0,4760.0,4830.0,4710.0,4750.0,322180000.0,4790
2024-05-07,4760.0,4830.0,4710.0,4750.0,322180000.0,4800.0,4840.0,4730.0,4790.0,262709999.99999997,4670
2024-05-08,4800.0,4840.0,4730.0,4790.0,262709999.99999997,4770.0,4780.0,4670.0,4670.0,304010000.0,4680
2024-05-13,4770.0,4780.0,4670.0,4670.0,304010000.0,4650.0,4740.0,4570.0,4680.0,572280000.0,4680
2024-05-14,4650.0,4740.0,4570.0,4680.0,572280000.0,4650.0,4700.0,4630.0,4680.0,320070000.0,4730
2024-05-15,4650.0,4700.0,4630.0,4680.0,320070000.0,4720.0,4810.0,4700.0,4730.0,341460000.0,4820
2024-05-16,4720.0,4810.0,4700.0,4730.0,341460000.0,4780.0,4870.0,4760.0,4820.0,298990000.0,4840
2024-05-17,4780.0,4870.0,4760.0,4820.0,298990000.0,4930.0,4960.0,4840.0,4840.0,371300000.0,4920
2024-05-20,4930.0,4960.0,4840.0,4840.0,371300000.0,4840.0,4960.0,4820.0,4920.0,208990000.0,4820
2024-05-21,4840.0,4960.0,4820.0,4920.0,208990000.0,4990.0,5050.0,4820.0,4820.0,335150000.0,4680
2024-05-22,4990.0,5050.0,4820.0,4820.0,335150000.0,4810.0,4870.0,4680.0,4680.0,272600000.0,4720
2024-05-27,4810.0,4870.0,4680.0,4680.0,272600000.0,4650.0,4770.0,4650.0,4720.0,215070000.0,4550
2024-05-28,4650.0,4770.0,4650.0,4720.0,215070000.0,4700.0,4720.0,4550.0,4550.0,363720000.0,4530
2024-05-29,4700.0,4720.0,4550.0,4550.0,363720000.0,4580.0,4630.0,4520.0,4530.0,258070000.0,4410
2024-05-30,4580.0,4630.0,4520.0,4530.0,258070000.0,4480.0,4500.0,4400.0,4410.0,465010000.0,4380
2024-05-31,4480.0,4500.0,4400.0,4410.0,465010000.0,4400.0,4480.0,4310.0,4380.0,502930000.0,4340
2024-06-03,4400.0,4480.0,4310.0,4380.0,502930000.0,4430.0,4470.0,4330.0,4340.0,655140000.0,4530
2024-06-04,4430.0,4470.0,4330.0,4340.0,655140000.0,4430.0,4560.0,4400.0,4530.0,345770000.0,4450
2024-06-05,4430.0,4560.0,4400.0,4530.0,345770000.0,4560.0,4590.0,4450.0,4450.0,332900000.0,4400
2024-06-06,4560.0,4590.0,4450.0,4450.0,332900000.0,4500.0,4500.0,4400.0,4400.0,246360000.0,4500
2024-06-07,4500.0,4500.0,4400.0,4400.0,246360000.0,4450.0,4500.0,4390.0,4500.0,281530000.0,4350
2024-06-10,4450.0,4500.0,4390.0,4500.0,281530000.0,4490.0,4500.0,4350.0,4350.0,375440000.0,4400
2024-06-11,4490.0,4500.0,4350.0,4350.0,375440000.0,4350.0,4430.0,4320.0,4400.0,181390000.0,4340
2024-06-12,4350.0,4430.0,4320.0,4400.0,181390000.0,4380.0,4440.0,4340.0,4340.0,197850000.0,4350
2024-06-13,4380.0,4440.0,4340.0,4340.0,197850000.0,4340.0,4360.0,4310.0,4350.0,187330000.0,4310
2024-06-14,4340.0,4360.0,4310.0,4350.0,187330000.0,4400.0,4420.0,4300.0,4310.0,238350000.0,4180
2024-06-19,4400.0,4420.0,4300.0,4310.0,238350000.0,4300.0,4320.0,4170.0,4180.0,358890000.0,4100
2024-06-20,4300.0,4320.0,4170.0,4180.0,358890000.0,4100.0,4240.0,4090.0,4100.0,410340000.0,4270
2024-06-21,4100.0,4240.0,4090.0,4100.0,410340000.0,4130.0,4270.0,4130.0,4270.0,387130000.0,4440
2024-06-24,4130.0,4270.0,4130.0,4270.0,387130000.0,4280.0,4490.0,4260.0,4440.0,542700000.0,4400
2024-06-25,4280.0,4490.0,4260.0,4440.0,542700000.0,4440.0,4510.0,4400.0,4400.0,303830000.0,4380
2024-06-26,4440.0,4510.0,4400.0,4400.0,303830000.0,4320.0,4400.0,4280.0,4380.0,383570000.0,4370
2024-06-27,4320.0,4400.0,4280.0,4380.0,383570000.0,4390.0,4430.0,4350.0,4370.0,150300000.0,4460
2024-06-28,4390.0,4430.0,4350.0,4370.0,150300000.0,4410.0,4500.0,4380.0,4460.0,299430000.0,4600
2024-07-01,4410.0,4500.0,4380.0,4460.0,299430000.0,4590.0,4640.0,4580.0,4600.0,581320000.0,4630
2024-07-02,4590.0,4640.0,4580.0,4600.0,581320000.0,4630.0,4670.0,4560.0,4630.0,261420000.00000003,4570
2024-07-03,4630.0,4670.0,4560.0,4630.0,261420000.00000003,4610.0,4630.0,4570.0,4570.0,234400000.0,4600
2024-07-04,4610.0,4630.0,4570.0,4570.0,234400000.0,4630.0,4640.0,4560.0,4600.0,176310000.0,4790
2024-07-05,4630.0,4640.0,4560.0,4600.0,176310000.0,4680.0,4830.0,4660.0,4790.0,422260000.0,4800
2024-07-08,4680.0,4830.0,4660.0,4790.0,422260000.0,4850.0,4870.0,4790.0,4800.0,218280000.0,4750
2024-07-09,4850.0,4870.0,4790.0,4800.0,218280000.0,4800.0,4830.0,4740.0,4750.0,222040000.0,4870
2024-07-10,4800.0,4830.0,4740.0,4750.0,222040000.0,4780.0,4930.0,4750.0,4870.0,291320000.0,4850
2024-07-11,4780.0,4930.0,4750.0,4870.0,291320000.0,4870.0,4920.0,4840.0,4850.0,167620000.0,4840
2024-07-12,4870.0,4920.0,4840.0,4850.0,167620000.0,4910.0,4920.0,4840.0,4840.0,170470000.0,4900
2024-07-15,4910.0,4920.0,4840.0,4840.0,170470000.0,4970.0,4980.0,4880.0,4900.0,327140000.0,4820
2024-07-16,4970.0,4980.0,4880.0,4900.0,327140000.0,4920.0,4930.0,4810.0,4820.0,188710000.0,4730
2024-07-17,4920.0,4930.0,4810.0,4820.0,188710000.0,4820.0,4840.0,4730.0,4730.0,189270000.0,4760
2024-07-18,4820.0,4840.0,4730.0,4730.0,189270000.0,4750.0,4810.0,4720.0,4760.0,263329999.99999997,4890
2024-07-19,4750.0,4810.0,4720.0,4760.0,263329999.99999997,4760.0,4890.0,4750.0,4890.0,296610000.0,4900
2024-07-22,4760.0,4890.0,4750.0,4890.0,296610000.0,4870.0,4910.0,4850.0,4900.0,135100000.0,4910
2024-07-23,4870.0,4910.0,4850.0,4900.0,135100000.0,4920.0,4940.0,4880.0,4910.0,140130000.0,4790
2024-07-24,4920.0,4940.0,4880.0,4910.0,140130000.0,4900.0,4910.0,4780.0,4790.0,170920000.0,4780
2024-07-25,4900.0,4910.0,4780.0,4790.0,170920000.0,4770.0,4800.0,4760.0,4780.0,116040000.0,4700
2024-07-26,4770.0,4800.0,4760.0,4780.0,116040000.0,4760.0,4760.0,4660.0,4700.0,274400000.0,4760
2024-07-29,4760.0,4760.0,4660.0,4700.0,274400000.0,4760.0,4810.0,4740.0,4760.0,192270000.0,4780
2024-07-30,4760.0,4810.0,4740.0,4760.0,192270000.0,4800.0,4800.0,4760.0,4780.0,126110000.0,4670
2024-07-31,4800.0,4800.0,4760.0,4780.0,126110000.0,4720.0,4740.0,4670.0,4670.0,204370000.0,4670
2024-08-01,4720.0,4740.0,4670.0,4670.0,204370000.0,4650.0,4710.0,4650.0,4670.0,168490000.0,4750
2024-08-02,4650.0,4710.0,4650.0,4670.0,168490000.0,4710.0,4750.0,4690.0,4750.0,169640000.0,4710
2024-08-05,4710.0,4750.0,4690.0,4750.0,169640000.0,4730.0,4750.0,4690.0,4710.0,113330000.0,4530
2024-08-06,4730.0,4750.0,4690.0,4710.0,113330000.0,4660.0,4670.0,4510.0,4530.0,329430000.0,4600
2024-08-07,4660.0,4670.0,4510.0,4530.0,329430000.0,4550.0,4650.0,4520.0,4600.0,238050000.0,4620
2024-08-08,4550.0,4650.0,4520.0,4600.0,238050000.0,4640.0,4640.0,4590.0,4620.0,125980000.0,4660
2024-08-09,4640.0,4640.0,4590.0,4620.0,125980000.0,4600.0,4690.0,4590.0,4660.0,131340000.0,4670
2024-08-12,4600.0,4690.0,4590.0,4660.0,131340000.0,4700.0,4730.0,4670.0,4670.0,98730000.0,4680
2024-08-13,4700.0,4730.0,4670.0,4670.0,98730000.0,4720.0,4720.0,4650.0,4680.0,83550000.0,4720
2024-08-14,4720.0,4720.0,4650.0,4680.0,83550000.0,4700.0,4750.0,4690.0,4720.0,109530000.0,4820
2024-08-15,4700.0,4750.0,4690.0,4720.0,109530000.0,4770.0,4840.0,4760.0,4820.0,262720000.00000003,4830
2024-08-16,4770.0,4840.0,4760.0,4820.0,262720000.00000003,4850.0,4870.0,4790.0,4830.0,214390000.0,4830
2024-08-19,4850.0,4870.0,4790.0,4830.0,214390000.0,4850.0,4870.0,4830.0,4830.0,149700000.0,4820
2024-08-20,4850.0,4870.0,4830.0,4830.0,149700000.0,4820.0,4820.0,4750.0,4820.0,196200000.0,4950
2024-08-21,4820.0,4820.0,4750.0,4820.0,196200000.0,4860.0,4950.0,4840.0,4950.0,310090000.0,5100
2024-08-22,4860.0,4950.0,4840.0,4950.0,310090000.0,4990.0,5100.0,4980.0,5100.0,390310000.0,5050
2024-08-23,4990.0,5100.0,4980.0,5100.0,390310000.0,5125.0,5150.0,5025.0,5050.0,474040000.0,5150
2024-08-26,5125.0,5150.0,5025.0,5050.0,474040000.0,5150.0,5200.0,5125.0,5150.0,217760000.0,5300
2024-08-27,5150.0,5200.0,5125.0,5150.0,217760000.0,5200.0,5325.0,5200.0,5300.0,361170000.0,5175
2024-08-28,5200.0,5325.0,5200.0,5300.0,361170000.0,5250.0,5275.0,5100.0,5175.0,271090000.0,5150
2024-08-29,5250.0,5275.0,5100.0,5175.0,271090000.0,5100.0,5175.0,5025.0,5150.0,277560000.0,5125
2024-08-30,5100.0,5175.0,5025.0,5150.0,277560000.0,5125.0,5175.0,5100.0,5125.0,160040000.0,5150
2024-09-02,5125.0,5175.0,5100.0,5125.0,160040000.0,5175.0,5175.0,5125.0,5150.0,275300000.0,5175
2024-09-03,5175.0,5175.0,5125.0,5150.0,275300000.0,5150.0,5225.0,5150.0,5175.0,136720000.0,5175
2024-09-04,5150.0,5225.0,5150.0,5175.0,136720000.0,5225.0,5250.0,5150.0,5175.0,166030000.0,5100
2024-09-05,5225.0,5250.0,5150.0,5175.0,166030000.0,5100.0,5175.0,5100.0,5100.0,141890000.0,5150
2024-09-06,5100.0,5175.0,5100.0,5100.0,141890000.0,5125.0,5150.0,5075.0,5150.0,166440000.0,5225
2024-09-09,5125.0,5150.0,5075.0,5150.0,166440000.0,5200.0,5250.0,5150.0,5225.0,170520000.0,5175
2024-09-10,5200.0,5250.0,5150.0,5225.0,170520000.0,5275.0,5300.0,5150.0,5175.0,201450000.0,5250
2024-09-11,5275.0,5300.0,5150.0,5175.0,201450000.0,5200.0,5250.0,5125.0,5250.0,202330000.0,5175
2024-09-12,5200.0,5250.0,5125.0,5250.0,202330000.0,5225.0,5250.0,5125.0,5175.0,165280000.0,5175
2024-09-13,5225.0,5250.0,5125.0,5175.0,165280000.0,5175.0,5225.0,5150.0,5175.0,138540000.0,5300
2024-09-17,5175.0,5225.0,5150.0,5175.0,138540000.0,5200.0,5300.0,5175.0,5300.0,259720000.00000003,5300
2024-09-18,5200.0,5300.0,5175.0,5300.0,259720000.00000003,5350.0,5350.0,5250.0,5300.0,201330000.0,5350
2024-09-19,5350.0,5350.0,5250.0,5300.0,201330000.0,5350.0,5375.0,5325.0,5350.0,186880000.0,5400
2024-09-20,5350.0,5375.0,5325.0,5350.0,186880000.0,5425.0,5500.0,5400.0,5400.0,332940000.0,5375
2024-09-23,5425.0,5500.0,5400.0,5400.0,332940000.0,5400.0,5450.0,5375.0,5375.0,260440000.0,5500
2024-09-24,5400.0,5450.0,5375.0,5375.0,260440000.0,5350.0,5500.0,5350.0,5500.0,245290000.0,5525
2024-09-25,5350.0,5500.0,5350.0,5500.0,245290000.0,5550.0,5575.0,5525.0,5525.0,195420000.0,5325
2024-09-26,5550.0,5575.0,5525.0,5525.0,195420000.0,5400.0,5425.0,5200.0,5325.0,607070000.0,5050
2024-09-27,5400.0,5425.0,5200.0,5325.0,607070000.0,5150.0,5200.0,5025.0,5050.0,855270000.0,5100
2024-09-30,5150.0,5200.0,5025.0,5050.0,855270000.0,5050.0,5150.0,5000.0,5100.0,304690000.0,4950
2024-10-01,5050.0,5150.0,5000.0,5100.0,304690000.0,5050.0,5050.0,4950.0,4950.0,539170000.0,5075
2024-10-02,5050.0,5050.0,4950.0,4950.0,539170000.0,4970.0,5075.0,4970.0,5075.0,197070000.0,4940
2024-10-03,4970.0,5075.0,4970.0,5075.0,197070000.0,5000.0,5075.0,4900.0,4940.0,307490000.0,4920
2024-10-04,5000.0,5075.0,4900.0,4940.0,307490000.0,4900.0,4960.0,4860.0,4920.0,354810000.0,4860
2024-10-07,4900.0,4960.0,4860.0,4920.0,354810000.0,4870.0,4920.0,4850.0,4860.0,289960000.0,4820
2024-10-08,4870.0,4920.0,4850.0,4860.0,289960000.0,4860.0,4930.0,4810.0,4820.0,308450000.0,5000
2024-10-09,4860.0,4930.0,4810.0,4820.0,308450000.0,4800.0,5050.0,4760.0,5000.0,527470000.0,4930
2024-10-10,4800.0,5050.0,4760.0,5000.0,527470000.0,5000.0,5075.0,4930.0,4930.0,309340000.0,4860
2024-10-11,5000.0,5075.0,4930.0,4930.0,309340000.0,4920.0,4970.0,4860.0,4860.0,226560000.0,4900
2024-10-14,4920.0,4970.0,4860.0,4860.0,226560000.0,4910.0,4940.0,4890.0,4900.0,104880000.0,4900
2024-10-15,4910.0,4940.0,4890.0,4900.0,104880000.0,4900.0,4930.0,4870.0,4900.0,125410000.0,4920
2024-10-16,4900.0,4930.0,4870.0,4900.0,125410000.0,4930.0,4990.0,4920.0,4920.0,142370000.0,4950
2024-10-17,4930.0,4990.0,4920.0,4920.0,142370000.0,4950.0,4970.0,4920.0,4950.0,118010000.0,4980
2024-10-18,4950.0,4970.0,4920.0,4950.0,118010000.0,4960.0,5050.0,4940.0,4980.0,188130000.0,4970
2024-10-21,4960.0,5050.0,4940.0,4980.0,188130000.0,5025.0,5050.0,4960.0,4970.0,157110000.0,4990
2024-10-22,5025.0,5050.0,4960.0,4970.0,157110000.0,4980.0,5025.0,4970.0,4990.0,110710000.0,4900
2024-10-23,4980.0,5025.0,4970.0,4990.0,110710000.0,4960.0,4970.0,4900.0,4900.0,199710000.0,4860
2024-10-24,4960.0,4970.0,4900.0,4900.0,199710000.0,4830.0,4890.0,4810.0,4860.0,222150000.0,4820
2024-10-25,4830.0,4890.0,4810.0,4860.0,222150000.0,4820.0,4900.0,4810.0,4820.0,218160000.0,4770
2024-10-28,4820.0,4900.0,4810.0,4820.0,218160000.0,4820.0,4860.0,4770.0,4770.0,195650000.0,4760
2024-10-29,4820.0,4860.0,4770.0,4770.0,195650000.0,4770.0,4800.0,4710.0,4760.0,191210000.0,4700
2024-10-30,4770.0,4800.0,4710.0,4760.0,191210000.0,4730.0,4780.0,4700.0,4700.0,203660000.0,4710
2024-10-31,4730.0,4780.0,4700.0,4700.0,203660000.0,4630.0,4750.0,4630.0,4710.0,296310000.0,4800
2024-11-01,4630.0,4750.0,4630.0,4710.0,296310000.0,4710.0,4870.0,4710.0,4800.0,307110000.0,4700
2024-11-04,4710.0,4870.0,4710.0,4800.0,307110000.0,4770.0,4820.0,4700.0,4700.0,235660000.0,4720
2024-11-05,4770.0,4820.0,4700.0,4700.0,235660000.0,4710.0,4770.0,4650.0,4720.0,209830000.0,4710
2024-11-06,4710.0,4770.0,4650.0,4720.0,209830000.0,4690.0,4740.0,4680.0,4710.0,199500000.0,4600
2024-11-07,4690.0,4740.0,4680.0,4710.0,199500000.0,4710.0,4730.0,4600.0,4600.0,249060000.0,4550
2024-11-08,4710.0,4730.0,4600.0,4600.0,249060000.0,4610.0,4640.0,4550.0,4550.0,296220000.0,4520
2024-11-11,4610.0,4640.0,4550.0,4550.0,296220000.0,4600.0,4640.0,4520.0,4520.0,213860000.0,4460
2024-11-12,4600.0,4640.0,4520.0,4520.0,213860000.0,4470.0,4540.0,4370.0,4460.0,507190000.0,4500
2024-11-13,4470.0,4540.0,4370.0,4460.0,507190000.0,4430.0,4520.0,4430.0,4500.0,252380000.0,4580
2024-11-14,4430.0,4520.0,4430.0,4500.0,252380000.0,4470.0,4610.0,4460.0,4580.0,209630000.0,4500
2024-11-15,4470.0,4610.0,4460.0,4580.0,209630000.0,4570.0,4590.0,4500.0,4500.0,159870000.0,4470
2024-11-18,4570.0,4590.0,4500.0,4500.0,159870000.0,4450.0,4510.0,4450.0,4470.0,106370000.0,4350
2024-11-19,4450.0,4510.0,4450.0,4470.0,106370000.0,4440.0,4460.0,4350.0,4350.0,259190000.0,4360
2024-11-20,4440.0,4460.0,4350.0,4350.0,259190000.0,4350.0,4410.0,4350.0,4360.0,294850000.0,4330
2024-11-21,4350.0,4410.0,4350.0,4360.0,294850000.0,4400.0,4440.0,4330.0,4330.0,298730000.0,4250
2024-11-22,4400.0,4440.0,4330.0,4330.0,298730000.0,4280.0,4320.0,4250.0,4250.0,376790000.0,4400
2024-11-25,4280.0,4320.0,4250.0,4250.0,376790000.0,4250.0,4420.0,4250.0,4400.0,280190000.0,4470
2024-11-26,4250.0,4420.0,4250.0,4400.0,280190000.0,4420.0,4530.0,4420.0,4470.0,401450000.0,4400
2024-11-28,4420.0,4530.0,4420.0,4470.0,401450000.0,4450.0,4470.0,4380.0,4400.0,266680000.0,4330
2024-11-29,4450.0,4470.0,4380.0,4400.0,266680000.0,4350.0,4390.0,4330.0,4330.0,277080000.0,4250
2024-12-02,4350.0,4390.0,4330.0,4330.0,277080000.0,4280.0,4300.0,4250.0,4250.0,412520000.0,4170
2024-12-03,4280.0,4300.0,4250.0,4250.0,412520000.0,4270.0,4280.0,4160.0,4170.0,337190000.0,4240
2024-12-04,4270.0,4280.0,4160.0,4170.0,337190000.0,4240.0,4250.0,4210.0,4240.0,384150000.0,4350
2024-12-05,4240.0,4250.0,4210.0,4240.0,384150000.0,4240.0,4370.0,4220.0,4350.0,345760000.0,4260
2024-12-06,4240.0,4370.0,4220.0,4350.0,345760000.0,4310.0,4340.0,4250.0,4260.0,183250000.0,4310
2024-12-09,4310.0,4340.0,4250.0,4260.0,183250000.0,4250.0,4310.0,4220.0,4310.0,151430000.0,4390
2024-12-10,4250.0,4310.0,4220.0,4310.0,151430000.0,4310.0,4390.0,4300.0,4390.0,158900000.0,4360
2024-12-11,4310.0,4390.0,4300.0,4390.0,158900000.0,4360.0,4380.0,4290.0,4360.0,196160000.0,4380
2024-12-12,4360.0,4380.0,4290.0,4360.0,196160000.0,4340.0,4430.0,4340.0,4380.0,203980000.0,4260
2024-12-13,4340.0,4430.0,4340.0,4380.0,203980000.0,4340.0,4360.0,4260.0,4260.0,226700000.0,4170
2024-12-16,4340.0,4360.0,4260.0,4260.0,226700000.0,4230.0,4280.0,4170.0,4170.0,287840000.0,4250
2024-12-17,4230.0,4280.0,4170.0,4170.0,287840000.0,4150.0,4280.0,4150.0,4250.0,325440000.0,4150
2024-12-18,4150.0,4280.0,4150.0,4250.0,325440000.0,4250.0,4290.0,4150.0,4150.0,327920000.0,4150
2024-12-19,4250.0,4290.0,4150.0,4150.0,327920000.0,4170.0,4210.0,4130.0,4150.0,205060000.0,4090
2024-12-20,4170.0,4210.0,4130.0,4150.0,205060000.0,4090.0,4110.0,4050.0,4090.0,381990000.0,4060
2024-12-23,4090.0,4110.0,4050.0,4090.0,381990000.0,4070.0,4120.0,4050.0,4060.0,252690000.0,4210
2024-12-24,4070.0,4120.0,4050.0,4060.0,252690000.0,4130.0,4210.0,4110.0,4210.0,167690000.0,4200
2024-12-27,4130.0,4210.0,4110.0,4210.0,167690000.0,4220.0,4250.0,4170.0,4200.0,199540000.0,4100
2024-12-30,4220.0,4250.0,4170.0,4200.0,199540000.0,4100.0,4120.0,4080.0,4100.0,143100000.0,4080
2025-01-02,4100.0,4120.0,4080.0,4100.0,143100000.0,4080.0,4120.0,4070.0,4080.0,153930000.0,4210
2025-01-03,4080.0,4120.0,4070.0,4080.0,153930000.0,4100.0,4220.0,4090.0,4210.0,181360000.0,4150
2025-01-06,4100.0,4220.0,4090.0,4210.0,181360000.0,4220.0,4240.0,4150.0,4150.0,134630000.0,4100
2025-01-07,4220.0,4240.0,4150.0,4150.0,134630000.0,4180.0,4180.0,4100.0,4100.0,153050000.0,4030
2025-01-08,4180.0,4180.0,4100.0,4100.0,153050000.0,4080.0,4090.0,4030.0,4030.0,172000000.0,4080
2025-01-09,4080.0,4090.0,4030.0,4030.0,172000000.0,4030.0,4100.0,4030.0,4080.0,133660000.0,4030
2025-01-10,4030.0,4100.0,4030.0,4080.0,133660000.0,4070.0,4100.0,4030.0,4030.0,99300000.0,4010
2025-01-13,4070.0,4100.0,4030.0,4030.0,99300000.0,4030.0,4060.0,4010.0,4010.0,132770000.00000001,3850
2025-01-14,4030.0,4060.0,4010.0,4010.0,132770000.00000001,3990.0,3990.0,3850.0,3850.0,413410000.0,3800
2025-01-15,3990.0,3990.0,3850.0,3850.0,413410000.0,3820.0,3920.0,3800.0,3800.0,293620000.0,4090
2025-01-16,3820.0,3920.0,3800.0,3800.0,293620000.0,3840.0,4090.0,3840.0,4090.0,407810000.0,4160
2025-01-17,3840.0,4090.0,3840.0,4090.0,407810000.0,4210.0,4240.0,4130.0,4160.0,349390000.0,4090
2025-01-20,4210.0,4240.0,4130.0,4160.0,349390000.0,4150.0,4190.0,4080.0,4090.0,268760000.0,4220
2025-01-21,4150.0,4190.0,4080.0,4090.0,268760000.0,4130.0,4220.0,4130.0,4220.0,167350000.0,4260
2025-01-22,4130.0,4220.0,4130.0,4220.0,167350000.0,4270.0,4380.0,4250.0,4260.0,345220000.0,4260
2025-01-23,4270.0,4380.0,4250.0,4260.0,345220000.0,4310.0,4320.0,4230.0,4260.0,193220000.0,4300
2025-01-24,4310.0,4320.0,4230.0,4260.0,193220000.0,4260.0,4340.0,4260.0,4300.0,216020000.0,4190
2025-01-30,4260.0,4340.0,4260.0,4300.0,216020000.0,4350.0,4350.0,4190.0,4190.0,276420000.0,4120
2025-01-31,4350.0,4350.0,4190.0,4190.0,276420000.0,4130.0,4170.0,4090.0,4120.0,220220000.0,4220
2025-02-03,4130.0,4170.0,4090.0,4120.0,220220000.0,4170.0,4280.0,4150.0,4220.0,192620000.0,4250
2025-02-04,4170.0,4280.0,4150.0,4220.0,192620000.0,4200.0,4270.0,4150.0,4250.0,220290000.0,4260
2025-02-05,4200.0,4270.0,4150.0,4250.0,220290000.0,4260.0,4300.0,4200.0,4260.0,231920000.0,4140
2025-02-06,4260.0,4300.0,4200.0,4260.0,231920000.0,4250.0,4250.0,4140.0,4140.0,209830000.0,3970
2025-02-07,4250.0,4250.0,4140.0,4140.0,209830000.0,4120.0,4160.0,3940.0,3970.0,378550000.0,4030
2025-02-10,4120.0,4160.0,3940.0,3970.0,378550000.0,3970.0,4030.0,3940.0,4030.0,259640000.0,3970
2025-02-11,3970.0,4030.0,3940.0,4030.0,259640000.0,4000.0,4050.0,3950.0,3970.0,202000000.0,4010
2025-02-12,4000.0,4050.0,3950.0,3970.0,202000000.0,3970.0,4040.0,3900.0,4010.0,276380000.0,4030
2025-02-13,3970.0,4040.0,3900.0,4010.0,276380000.0,3960.0,4060.0,3950.0,4030.0,362570000.0,3990
2025-02-14,3960.0,4060.0,3950.0,4030.0,362570000.0,4000.0,4030.0,3960.0,3990.0,341640000.0,3860
2025-02-17,4000.0,4030.0,3960.0,3990.0,341640000.0,4000.0,4010.0,3850.0,3860.0,524909999.99999994,4030
2025-02-18,4000.0,4010.0,3850.0,3860.0,524909999.99999994,3870.0,4030.0,3870.0,4030.0,265740000.0,4150
2025-02-19,3870.0,4030.0,3870.0,4030.0,265740000.0,4030.0,4180.0,4030.0,4150.0,374350000.0,4020
2025-02-20,4030.0,4180.0,4030.0,4150.0,374350000.0,4160.0,4180.0,4010.0,4020.0,348360000.0,3910
2025-02-21,4160.0,4180.0,4010.0,4020.0,348360000.0,3970.0,4020.0,3910.0,3910.0,312750000.0,3890
2025-02-24,3970.0,4020.0,3910.0,3910.0,312750000.0,3910.0,3930.0,3870.0,3890.0,205270000.0,3920
2025-02-25,3910.0,3930.0,3870.0,3890.0,205270000.0,3900.0,3940.0,3870.0,3920.0,138610000.0,3800
2025-02-26,3900.0,3940.0,3870.0,3920.0,138610000.0,3880.0,3920.0,3800.0,3800.0,404560000.0,3820
2025-02-27,3880.0,3920.0,3800.0,3800.0,404560000.0,3800.0,3860.0,3760.0,3820.0,242830000.0,3630
2025-02-28,3800.0,3860.0,3760.0,3820.0,242830000.0,3790.0,3800.0,3610.0,3630.0,410930000.0,3360
2025-03-03,3790.0,3800.0,3610.0,3630.0,410930000.0,3500.0,3540.0,3360.0,3360.0,1000000000.0,3670
2025-03-04,3500.0,3540.0,3360.0,3360.0,1000000000.0,3520.0,3740.0,3470.0,3670.0,744630000.0,3670
2025-03-05,3520.0,3740.0,3470.0,3670.0,744630000.0,3680.0,3720.0,3600.0,3670.0,338430000.0,3840
2025-03-06,3680.0,3720.0,3600.0,3670.0,338430000.0,3710.0,3900.0,3710.0,3840.0,441150000.0,3950
2025-03-07,3710.0,3900.0,3710.0,3840.0,441150000.0,3870.0,3990.0,3870.0,3950.0,434490000.0,3810
2025-03-10,3870.0,3990.0,3870.0,3950.0,434490000.0,3930.0,3930.0,3810.0,3810.0,243790000.0,3760
2025-03-11,3930.0,3930.0,3810.0,3810.0,243790000.0,3790.0,3810.0,3730.0,3760.0,232190000.0,3790
2025-03-12,3790.0,3810.0,3730.0,3760.0,232190000.0,3700.0,3790.0,3660.0,3790.0,273960000.0,3890
2025-03-13,3700.0,3790.0,3660.0,3790.0,273960000.0,3810.0,3920.0,3810.0,3890.0,271630000.0,3800
2025-03-14,3810.0,3920.0,3810.0,3890.0,271630000.0,3960.0,3970.0,3800.0,3800.0,209230000.0,3750
2025-03-17,3960.0,3970.0,3800.0,3800.0,209230000.0,3750.0,3840.0,3750.0,3750.0,156130000.0,3830
2025-03-18,3750.0,3840.0,3750.0,3750.0,156130000.0,3780.0,3840.0,3730.0,3830.0,162470000.0,3680
2025-03-19,3780.0,3840.0,3730.0,3830.0,162470000.0,3840.0,3860.0,3500.0,3680.0,416890000.0,3710
2025-03-20,3840.0,3860.0,3500.0,3680.0,416890000.0,3710.0,3780.0,3680.0,3710.0,352220000.0,3660
2025-03-21,3710.0,3780.0,3680.0,3710.0,352220000.0,3730.0,3760.0,3640.0,3660.0,313030000.0,3700
2025-03-24,3730.0,3760.0,3640.0,3660.0,313030000.0,3600.0,3700.0,3550.0,3700.0,627650000.0,3610
2025-03-25,3600.0,3700.0,3550.0,3700.0,627650000.0,3650.0,3740.0,3520.0,3610.0,342880000.0,3800
2025-03-26,3650.0,3740.0,3520.0,3610.0,342880000.0,3660.0,3840.0,3660.0,3800.0,331290000.0,4000
2025-03-27,3660.0,3840.0,3660.0,3800.0,331290000.0,3870.0,4020.0,3860.0,4000.0,540890000.0,4050
2025-04-08,3870.0,4020.0,3860.0,4000.0,540890000.0,4000.0,4050.0,3930.0,4050.0,322550000.0,3640
2025-04-09,4000.0,4050.0,3930.0,4050.0,322550000.0,3460.0,3750.0,3450.0,3640.0,734810000.0,3630
2025-04-10,3460.0,3750.0,3450.0,3640.0,734810000.0,3610.0,3710.0,3600.0,3630.0,366650000.0,3800
2025-04-11,3610.0,3710.0,3600.0,3630.0,366650000.0,3920.0,3930.0,3770.0,3800.0,417560000.0,3630
2025-04-14,3920.0,3930.0,3770.0,3800.0,417560000.0,3600.0,3650.0,3590.0,3630.0,301270000.0,3690
2025-04-15,3600.0,3650.0,3590.0,3630.0,301270000.0,3630.0,3690.0,3620.0,3690.0,169460000.0,3690
2025-04-16,3630.0,3690.0,3620.0,3690.0,169460000.0,3730.0,3780.0,3680.0,3690.0,254230000.0,3650
2025-04-17,3730.0,3780.0,3680.0,3690.0,254230000.0,3690.0,3700.0,3600.0,3650.0,233820000.0,3640
2025-04-21,3690.0,3700.0,3600.0,3650.0,233820000.0,3670.0,3670.0,3610.0,3640.0,121060000.0,3620
2025-04-22,3670.0,3670.0,3610.0,3640.0,121060000.0,3620.0,3660.0,3570.0,3620.0,107470000.0,3630
2025-04-23,3620.0,3660.0,3570.0,3620.0,107470000.0,3600.0,3650.0,3600.0,3630.0,147120000.0,3760
2025-04-24,3600.0,3650.0,3600.0,3630.0,147120000.0,3660.0,3790.0,3640.0,3760.0,433000000.0,3730
2025-04-25,3660.0,3790.0,3640.0,3760.0,433000000.0,3790.0,3840.0,3720.0,3730.0,272540000.0,3740
2025-04-28,3790.0,3840.0,3720.0,3730.0,272540000.0,3770.0,3790.0,3730.0,3740.0,136520000.0,3840
2025-04-29,3770.0,3790.0,3730.0,3740.0,136520000.0,3790.0,3850.0,3780.0,3840.0,212950000.0,3850
2025-04-30,3790.0,3850.0,3780.0,3840.0,212950000.0,3860.0,3870.0,3820.0,3850.0,160630000.0,3850
2025-05-02,3860.0,3870.0,3820.0,3850.0,160630000.0,3810.0,3850.0,3770.0,3850.0,226830000.0,3880
2025-05-05,3810.0,3850.0,3770.0,3850.0,226830000.0,3920.0,3920.0,3850.0,3880.0,205630000.0,3860
2025-05-06,3920.0,3920.0,3850.0,3880.0,205630000.0,3900.0,3920.0,3860.0,3860.0,196920000.0,3880
2025-05-07,3900.0,3920.0,3860.0,3860.0,196920000.0,3840.0,3900.0,3840.0,3880.0,111330000.0,3910
2025-05-08,3840.0,3900.0,3840.0,3880.0,111330000.0,3900.0,3910.0,3870.0,3910.0,119760000.0,3790
2025-05-09,3900.0,3910.0,3870.0,3910.0,119760000.0,3910.0,3960.0,3780.0,3790.0,224120000.0,3840
2025-05-14,3910.0,3960.0,3780.0,3790.0,224120000.0,3810.0,3840.0,3760.0,3840.0,147640000.0,4090
2025-05-15,3810.0,3840.0,3760.0,3840.0,147640000.0,4000.0,4090.0,3960.0,4090.0,461640000.0,4270
2025-05-16,4000.0,4090.0,3960.0,4090.0,461640000.0,4140.0,4310.0,4130.0,4270.0,537150000.0,4250
2025-05-19,4140.0,4310.0,4130.0,4270.0,537150000.0,4310.0,4330.0,4160.0,4250.0,289340000.0,4230
2025-05-20,4310.0,4330.0,4160.0,4250.0,289340000.0,4230.0,4260.0,4200.0,4230.0,145940000.0,4210
2025-05-21,4230.0,4260.0,4200.0,4230.0,145940000.0,4230.0,4280.0,4170.0,4210.0,209580000.0,4260
2025-05-22,4230.0,4280.0,4170.0,4210.0,209580000.0,4210.0,4310.0,4210.0,4260.0,256019999.99999997,4300
2025-05-23,4210.0,4310.0,4210.0,4260.0,256019999.99999997,4280.0,4310.0,4240.0,4300.0,208290000.0,4350
2025-05-26,4280.0,4310.0,4240.0,4300.0,208290000.0,4370.0,4370.0,4330.0,4350.0,187460000.0,4320
2025-05-27,4370.0,4370.0,4330.0,4350.0,187460000.0,4350.0,4350.0,4260.0,4320.0,149420000.0,4370
2025-05-28,4350.0,4350.0,4260.0,4320.0,149420000.0,4320.0,4370.0,4280.0,4370.0,180030000.0,4450
2025-06-02,4320.0,4370.0,4280.0,4370.0,180030000.0,4360.0,4450.0,4320.0,4450.0,466130000.0,4200
2025-06-03,4360.0,4450.0,4320.0,4450.0,466130000.0,4360.0,4390.0,4200.0,4200.0,389540000.0,4200
2025-06-04,4360.0,4390.0,4200.0,4200.0,389540000.0,4210.0,4230.0,4120.0,4200.0,277900000.0,4080
2025-06-05,4210.0,4230.0,4120.0,4200.0,277900000.0,4230.0,4230.0,4080.0,4080.0,279760000.0,4100
2025-06-10,4230.0,4230.0,4080.0,4080.0,279760000.0,4110.0,4140.0,4050.0,4100.0,230130000.0,4150
2025-06-11,4110.0,4140.0,4050.0,4100.0,230130000.0,4100.0,4160.0,4100.0,4150.0,179830000.0,4070
2025-06-12,4100.0,4160.0,4100.0,4150.0,179830000.0,4130.0,4140.0,4060.0,4070.0,196560000.0,4070
2025-06-13,4130.0,4140.0,4060.0,4070.0,196560000.0,4070.0,4100.0,4060.0,4070.0,113850000.0,4000
2025-06-16,4070.0,4100.0,4060.0,4070.0,113850000.0,4020.0,4050.0,3980.0,4000.0,283830000.0,3990
2025-06-17,4020.0,4050.0,3980.0,4000.0,283830000.0,3980.0,4010.0,3960.0,3990.0,155450000.0,3960
2025-06-18,3980.0,4010.0,3960.0,3990.0,155450000.0,4010.0,4030.0,3960.0,3960.0,125770000.0,3940
2025-06-19,4010.0,4030.0,3960.0,3960.0,125770000.0,3950.0,3960.0,3900.0,3940.0,140880000.0,3800
2025-06-20,3950.0,3960.0,3900.0,3940.0,140880000.0,3900.0,3920.0,3800.0,3800.0,355410000.0,3790
2025-06-23,3900.0,3920.0,3800.0,3800.0,355410000.0,3740.0,3840.0,3740.0,3790.0,516179999.99999994,3720
2025-06-24,3740.0,3840.0,3740.0,3790.0,516179999.99999994,3730.0,3750.0,3660.0,3720.0,222070000.0,3780
2025-06-25,3730.0,3750.0,3660.0,3720.0,222070000.0,3820.0,3900.0,3770.0,3780.0,281590000.0,3760
2025-06-26,3820.0,3900.0,3770.0,3780.0,281590000.0,3830.0,3830.0,3730.0,3760.0,164260000.0,3830
2025-06-30,3830.0,3830.0,3730.0,3760.0,164260000.0,3780.0,3830.0,3750.0,3830.0,171430000.0,3740
2025-07-01,3780.0,3830.0,3750.0,3830.0,171430000.0,3840.0,3840.0,3730.0,3740.0,271930000.0,3700
2025-07-02,3840.0,3840.0,3730.0,3740.0,271930000.0,3780.0,3790.0,3670.0,3700.0,212370000.0,3680
2025-07-03,3780.0,3790.0,3670.0,3700.0,212370000.0,3650.0,3700.0,3640.0,3680.0,220270000.0,3680
2025-07-04,3650.0,3700.0,3640.0,3680.0,220270000.0,3710.0,3730.0,3680.0,3680.0,119670000.0,3670
2025-07-07,3710.0,3730.0,3680.0,3680.0,119670000.0,3680.0,3710.0,3650.0,3670.0,91140000.0,3700
2025-07-08,3680.0,3710.0,3650.0,3670.0,91140000.0,3670.0,3700.0,3650.0,3700.0,78780000.0,3670
2025-07-09,3670.0,3700.0,3650.0,3700.0,78780000.0,3690.0,3700.0,3650.0,3670.0,115550000.0,3680
2025-07-10,3690.0,3700.0,3650.0,3670.0,115550000.0,3650.0,3700.0,3650.0,3680.0,92440000.0,3870
2025-07-11,3650.0,3700.0,3650.0,3680.0,92440000.0,3690.0,3880.0,3680.0,3870.0,290120000.0,3880
2025-07-14,3690.0,3880.0,3680.0,3870.0,290120000.0,3920.0,3920.0,3870.0,3880.0,255630000.0,3780
2025-07-15,3920.0,3920.0,3870.0,3880.0,255630000.0,3880.0,3890.0,3750.0,3780.0,167150000.0,3880
2025-07-16,3880.0,3890.0,3750.0,3780.0,167150000.0,3800.0,3880.0,3780.0,3880.0,183210000.0,3880
2025-07-17,3800.0,3880.0,3780.0,3880.0,183210000.0,3950.0,3960.0,3880.0,3880.0,241970000.0,3890
2025-07-18,3950.0,3960.0,3880.0,3880.0,241970000.0,3930.0,3930.0,3880.0,3890.0,111360000.0,3860
2025-07-21,3930.0,3930.0,3880.0,3890.0,111360000.0,3910.0,3940.0,3860.0,3860.0,111030000.0,3830
2025-07-22,3910.0,3940.0,3860.0,3860.0,111030000.0,3890.0,3900.0,3830.0,3830.0,89770000.0,3840
2025-07-23,3890.0,3900.0,3830.0,3830.0,89770000.0,3860.0,3880.0,3830.0,3840.0,84900000.0,3800
2025-07-24,3860.0,3880.0,3830.0,3840.0,84900000.0,3840.0,3860.0,3790.0,3800.0,132310000.0,3950
2025-07-25,3840.0,3860.0,3790.0,3800.0,132310000.0,3830.0,3950.0,3820.0,3950.0,206650000.0,3880
2025-07-28,3830.0,3950.0,3820.0,3950.0,206650000.0,3950.0,3950.0,3870.0,3880.0,86260000.0,3940
2025-07-29,3950.0,3950.0,3870.0,3880.0,86260000.0,3940.0,3950.0,3920.0,3940.0,94900000.0,3920
2025-07-30,3940.0,3950.0,3920.0,3940.0,94900000.0,3930.0,3930.0,3900.0,3920.0,98890000.0,3780
2025-07-31,3930.0,3930.0,3900.0,3920.0,98890000.0,3910.0,3910.0,3770.0,3780.0,206360000.0,3710
2025-08-01,3910.0,3910.0,3770.0,3780.0,206360000.0,3780.0,3790.0,3700.0,3710.0,163370000.0,3740
2025-08-04,3780.0,3790.0,3700.0,3710.0,163370000.0,3800.0,3800.0,3740.0,3740.0,134100000.0,3710
2025-08-05,3800.0,3800.0,3740.0,3740.0,134100000.0,3720.0,3740.0,3690.0,3710.0,104450000.0,3740
2025-08-06,3720.0,3740.0,3690.0,3710.0,104450000.0,3700.0,3790.0,3700.0,3740.0,184820000.0,3710
2025-08-07,3700.0,3790.0,3700.0,3740.0,184820000.0,3770.0,3780.0,3710.0,3710.0,100170000.0,3710
2025-08-08,3770.0,3780.0,3710.0,3710.0,100170000.0,3730.0,3750.0,3700.0,3710.0,92750000.0,3700
2025-08-11,3730.0,3750.0,3700.0,3710.0,92750000.0,3710.0,3730.0,3700.0,3700.0,133180000.0,3810
2025-08-12,3710.0,3730.0,3700.0,3700.0,133180000.0,3720.0,3810.0,3720.0,3810.0,143170000.0,4050
2025-08-13,3720.0,3810.0,3720.0,3810.0,143170000.0,3860.0,4050.0,3830.0,4050.0,404800000.0,4080
2025-08-14,3860.0,4050.0,3830.0,4050.0,404800000.0,4060.0,4100.0,3990.0,4080.0,292100000.0,4060
2025-08-15,4060.0,4100.0,3990.0,4080.0,292100000.0,4080.0,4100.0,4040.0,4060.0,164410000.0,4120
2025-08-19,4080.0,4100.0,4040.0,4060.0,164410000.0,4100.0,4150.0,4070.0,4120.0,269260000.0,4040
2025-08-20,4100.0,4150.0,4070.0,4120.0,269260000.0,4090.0,4100.0,4010.0,4040.0,208410000.0,4150
2025-08-21,4090.0,4100.0,4010.0,4040.0,208410000.0,4050.0,4150.0,4050.0,4150.0,173260000.0,4150
2025-08-22,4050.0,4150.0,4050.0,4150.0,173260000.0,4160.0,4170.0,4090.0,4150.0,112480000.0,4100
2025-08-25,4160.0,4170.0,4090.0,4150.0,112480000.0,4170.0,4170.0,4100.0,4100.0,71970000.0,4210
2025-08-26,4170.0,4170.0,4100.0,4100.0,71970000.0,4180.0,4270.0,4170.0,4210.0,195320000.0,4170
2025-08-27,4180.0,4270.0,4170.0,4210.0,195320000.0,4220.0,4220.0,4170.0,4170.0,267470000.00000003,4130
2025-08-28,4220.0,4220.0,4170.0,4170.0,267470000.00000003,4130.0,4150.0,4070.0,4130.0,123870000.0,4140
2025-08-29,4130.0,4150.0,4070.0,4130.0,123870000.0,4130.0,4150.0,4110.0,4140.0,60840000.0,4050
2025-09-01,4130.0,4150.0,4110.0,4140.0,60840000.0,4100.0,4120.0,4020.0,4050.0,217280000.0,3980
2025-09-02,4100.0,4120.0,4020.0,4050.0,217280000.0,3930.0,4010.0,3860.0,3980.0,234210000.0,3960
2025-09-03,3930.0,4010.0,3860.0,3980.0,234210000.0,3980.0,4050.0,3960.0,3960.0,111860000.0,4030
2025-09-04,3980.0,4050.0,3960.0,3960.0,111860000.0,4020.0,4030.0,3950.0,4030.0,112510000.0,4000
2025-09-08,4020.0,4030.0,3950.0,4030.0,112510000.0,3980.0,4010.0,3960.0,4000.0,87400000.0,3900
2025-09-09,3980.0,4010.0,3960.0,4000.0,87400000.0,4070.0,4070.0,3890.0,3900.0,143990000.0,3790
2025-09-10,4070.0,4070.0,3890.0,3900.0,143990000.0,3870.0,3890.0,3750.0,3790.0,327170000.0,3880
2025-09-11,3870.0,3890.0,3750.0,3790.0,327170000.0,3820.0,3890.0,3820.0,3880.0,117680000.0,4080
2025-09-12,3820.0,3890.0,3820.0,3880.0,117680000.0,4000.0,4120.0,3980.0,4080.0,281910000.0,4180
2025-09-15,4000.0,4120.0,3980.0,4080.0,281910000.0,4180.0,4190.0,4110.0,4180.0,235380000.0,4140
2025-09-16,4180.0,4190.0,4110.0,4180.0,235380000.0,4200.0,4220.0,4120.0,4140.0,157480000.0,4130
2025-09-17,4200.0,4220.0,4120.0,4140.0,157480000.0,4160.0,4170.0,4080.0,4130.0,167510000.0,4220
2025-09-18,4160.0,4170.0,4080.0,4130.0,167510000.0,4160.0,4220.0,4120.0,4220.0,245150000.0,4250
2025-09-19,4160.0,4220.0,4120.0,4220.0,245150000.0,4270.0,4270.0,4210.0,4250.0,332670000.0,4250
2025-09-22,4270.0,4270.0,4210.0,4250.0,332670000.0,4230.0,4250.0,4180.0,4250.0,211370000.0,4160
2025-09-23,4230.0,4250.0,4180.0,4250.0,211370000.0,4250.0,4250.0,4110.0,4160.0,157590000.0,4140
2025-09-24,4250.0,4250.0,4110.0,4160.0,157590000.0,4120.0,4170.0,4110.0,4140.0,110770000.0,4170
2025-09-25,4120.0,4170.0,4110.0,4140.0,110770000.0,4140.0,4170.0,4100.0,4170.0,124590000.0,4070
2025-09-26,4140.0,4170.0,4100.0,4170.0,124590000.0,4170.0,4170.0,4050.0,4070.0,129660000.0,4040
2025-09-29,4170.0,4170.0,4050.0,4070.0,129660000.0,4050.0,4080.0,4000.0,4040.0,146230000.0,3980
2025-09-30,4050.0,4080.0,4000.0,4040.0,146230000.0,4040.0,4040.0,3960.0,3980.0,126610000.0,3900
2025-10-01,4040.0,4040.0,3960.0,3980.0,126610000.0,3980.0,3980.0,3900.0,3900.0,217360000.0,3810
2025-10-02,3980.0,3980.0,3900.0,3900.0,217360000.0,3860.0,3940.0,3800.0,3810.0,223130000.0,3710
2025-10-03,3860.0,3940.0,3800.0,3810.0,223130000.0,3760.0,3790.0,3710.0,3710.0,379620000.0,3690
2025-10-06,3760.0,3790.0,3710.0,3710.0,379620000.0,3710.0,3750.0,3680.0,3690.0,214740000.0,3660
2025-10-07,3710.0,3750.0,3680.0,3690.0,214740000.0,3700.0,3740.0,3640.0,3660.0,190290000.0,3710
2025-10-08,3700.0,3740.0,3640.0,3660.0,190290000.0,3690.0,3720.0,3670.0,3710.0,155930000.0,3720
2025-10-09,3690.0,3720.0,3670.0,3710.0,155930000.0,3730.0,3740.0,3670.0,3720.0,148260000.0,3860
2025-10-10,3730.0,3740.0,3670.0,3720.0,148260000.0,3690.0,3930.0,3640.0,3860.0,479240000.0,3730
2025-10-13,3690.0,3930.0,3640.0,3860.0,479240000.0,3790.0,3790.0,3690.0,3730.0,277250000.0,3660
2025-10-14,3790.0,3790.0,3690.0,3730.0,277250000.0,3680.0,3710.0,3660.0,3660.0,181690000.0,3550
2025-10-15,3680.0,3710.0,3660.0,3660.0,181690000.0,3640.0,3690.0,3550.0,3550.0,278680000.0,3500
2025-10-16,3640.0,3690.0,3550.0,3550.0,278680000.0,3570.0,3590.0,3450.0,3500.0,468730000.0,3530
2025-10-17,3570.0,3590.0,3450.0,3500.0,468730000.0,3500.0,3580.0,3480.0,3530.0,227630000.0,3500
2025-10-20,3500.0,3580.0,3480.0,3530.0,227630000.0,3530.0,3570.0,3490.0,3500.0,244440000.0,3680
2025-10-21,3530.0,3570.0,3490.0,3500.0,244440000.0,3550.0,3730.0,3540.0,3680.0,391510000.0,3760
2025-10-22,3550.0,3730.0,3540.0,3680.0,391510000.0,3780.0,3790.0,3710.0,3760.0,293000000.0,3700
2025-10-23,3780.0,3790.0,3710.0,3760.0,293000000.0,3790.0,3820.0,3680.0,3700.0,329470000.0,3820
2025-10-24,3790.0,3820.0,3680.0,3700.0,329470000.0,3720.0,3820.0,3700.0,3820.0,225900000.0,3850
2025-10-27,3720.0,3820.0,3700.0,3820.0,225900000.0,3820.0,3910.0,3820.0,3850.0,313900000.0,3860
2025-10-28,3820.0,3910.0,3820.0,3850.0,313900000.0,3880.0,3930.0,3750.0,3860.0,332540000.0,3850
2025-10-29,3880.0,3930.0,3750.0,3860.0,332540000.0,3850.0,3860.0,3780.0,3850.0,239030000.0,3890
2025-10-30,3850.0,3860.0,3780.0,3850.0,239030000.0,3830.0,3890.0,3790.0,3890.0,215010000.0,3910
2025-10-31,3830.0,3890.0,3790.0,3890.0,215010000.0,3900.0,3990.0,3870.0,3910.0,287910000.0,3980
2025-11-03,3900.0,3990.0,3870.0,3910.0,287910000.0,3930.0,4020.0,3920.0,3980.0,348760000.0,4040
2025-11-04,3930.0,4020.0,3920.0,3980.0,348760000.0,4050.0,4050.0,4010.0,4040.0,163770000.0,3970
2025-11-05,4050.0,4050.0,4010.0,4040.0,163770000.0,4030.0,4050.0,3970.0,3970.0,241150000.0,3980
2025-11-06,4030.0,4050.0,3970.0,3970.0,241150000.0,3940.0,3990.0,3910.0,3980.0,139860000.0,4000
2025-11-07,3940.0,3990.0,3910.0,3980.0,139860000.0,3980.0,4010.0,3950.0,4000.0,130810000.0,3980
2025-11-10,3980.0,4010.0,3950.0,4000.0,130810000.0,4000.0,4010.0,3980.0,3980.0,87290000.0,3930
2025-11-11,4000.0,4010.0,3980.0,3980.0,87290000.0,4010.0,4020.0,3930.0,3930.0,148550000.0,3890
2025-11-12,4010.0,4020.0,3930.0,3930.0,148550000.0,3940.0,3960.0,3860.0,3890.0,179000000.0,3900
2025-11-13,3940.0,3960.0,3860.0,3890.0,179000000.0,3890.0,3950.0,3890.0,3900.0,111120000.0,3870
2025-11-14,3890.0,3950.0,3890.0,3900.0,111120000.0,3900.0,3910.0,3870.0,3870.0,99370000.0,3900
2025-11-17,3900.0,3910.0,3870.0,3870.0,99370000.0,3860.0,3930.0,3860.0,3900.0,100720000.0,3940
2025-11-18,3860.0,3930.0,3860.0,3900.0,100720000.0,3880.0,3950.0,3880.0,3940.0,140870000.0,3970
2025-11-19,3880.0,3950.0,3880.0,3940.0,140870000.0,3950.0,3990.0,3930.0,3970.0,205260000.0,4000
2025-11-20,3950.0,3990.0,3930.0,3970.0,205260000.0,3990.0,4000.0,3970.0,4000.0,107450000.0,3990
2025-11-21,3990.0,4000.0,3970.0,4000.0,107450000.0,4020.0,4050.0,3990.0,3990.0,183010000.0,3960
2025-11-24,4020.0,4050.0,3990.0,3990.0,183010000.0,3980.0,4000.0,3940.0,3960.0,112670000.0,3980
2025-11-25,3980.0,4000.0,3940.0,3960.0,112670000.0,4000.0,4000.0,3940.0,3980.0,262300000.0,3830
2025-11-26,4000.0,4000.0,3940.0,3980.0,262300000.0,3980.0,3980.0,3830.0,3830.0,396960000.0,3790
2025-11-27,3980.0,3980.0,3830.0,3830.0,396960000.0,3800.0,3830.0,3780.0,3790.0,288420000.0,3740
2025-11-28,3800.0,3830.0,3780.0,3790.0,288420000.0,3800.0,3810.0,3720.0,3740.0,283450000.0,3680
2025-12-01,3800.0,3810.0,3720.0,3740.0,283450000.0,3710.0,3750.0,3680.0,3680.0,353870000.0,3670
2025-12-02,3710.0,3750.0,3680.0,3680.0,353870000.0,3680.0,3730.0,3660.0,3670.0,299670000.0,3710
2025-12-03,3680.0,3730.0,3660.0,3670.0,299670000.0,3690.0,3730.0,3670.0,3710.0,277710000.0,3660
2025-12-04,3690.0,3730.0,3670.0,3710.0,277710000.0,3690.0,3700.0,3660.0,3660.0,225360000.0,3690
2025-12-05,3690.0,3700.0,3660.0,3660.0,225360000.0,3660.0,3690.0,3650.0,3690.0,221120000.0,3650
2025-12-08,3660.0,3690.0,3650.0,3690.0,221120000.0,3700.0,3700.0,3650.0,3650.0,156160000.0,3670
2025-12-09,3700.0,3700.0,3650.0,3650.0,156160000.0,3680.0,3690.0,3660.0,3670.0,124090000.0,3680
2025-12-10,3680.0,3690.0,3660.0,3670.0,124090000.0,3700.0,3700.0,3650.0,3680.0,201090000.0,3660
2025-12-11,3700.0,3700.0,3650.0,3680.0,201090000.0,3680.0,3680.0,3650.0,3660.0,172680000.0,3620
2025-12-12,3680.0,3680.0,3650.0,3660.0,172680000.0,3680.0,3700.0,3580.0,3620.0,327590000.0,3630
2025-12-15,3680.0,3700.0,3580.0,3620.0,327590000.0,3640.0,3640.0,3580.0,3630.0,169750000.0,3780
2025-12-16,3640.0,3640.0,3580.0,3630.0,169750000.0,3650.0,3810.0,3630.0,3780.0,312690000.0,3690
2025-12-17,3650.0,3810.0,3630.0,3780.0,312690000.0,3800.0,3810.0,3680.0,3690.0,237950000.0,3750
2025-12-18,3800.0,3810.0,3680.0,3690.0,237950000.0,3690.0,3780.0,3680.0,3750.0,273540000.0,3780
2025-12-19,3690.0,3780.0,3680.0,3750.0,273540000.0,3750.0,3820.0,3750.0,3780.0,262529999.99999997,3770
2025-12-22,3750.0,3820.0,3750.0,3780.0,262529999.99999997,3800.0,3810.0,3760.0,3770.0,228580000.0,3760
2025-12-23,3800.0,3810.0,3760.0,3770.0,228580000.0,3770.0,3780.0,3750.0,3760.0,161680000.0,3770
2025-12-24,3770.0,3780.0,3750.0,3760.0,161680000.0,3760.0,3780.0,3730.0,3770.0,138430000.0,3770
2025-12-29,3760.0,3780.0,3730.0,3770.0,138430000.0,3770.0,3790.0,3750.0,3770.0,121070000.0,3780
2025-12-30,3770.0,3790.0,3750.0,3770.0,121070000.0,3780.0,3790.0,3760.0,3780.0,238060000.0,3660
